cycle,F_total,Theta_NM,Theta_sum,Theta_shape,B_rms,S_pred,du_rms,du_max,U_overlap,max_overlap,radius_ratio,Lx,Ly,shear,accepted_cycle,ran_box,ran_surgery
1,3.28486772981290490e-02,1.14502707017444638e-01,6.22028351559964290e-02,1.15537916462507148e-01,4.55712478159256806e-01,9.20184317668839640e+01,1.24347169136965183e-01,4.85912549878248390e-01,4.56292863138083992e-03,1.86425444280109431e-02,3.96568603587887480e+00,3.28147878231632433e+01,3.28147878231632433e+01,0.00000000000000000e+00,1,0,0
2,3.06699592227524312e-02,1.11855813384069538e-01,6.22028351559964013e-02,1.11852287051553506e-01,4.55712478159256806e-01,9.20184317668839640e+01,1.24347169136965183e-01,4.85912549878248390e-01,3.55779656796423706e-03,2.37315862630071983e-02,3.96568603587887480e+00,3.28147878231632433e+01,3.28147878231632433e+01,0.00000000000000000e+00,1,0,0
3,3.07491158434111747e-02,1.11115570972172506e-01,6.22028351559964429e-02,1.10660413288381901e-01,4.55712478159256806e-01,9.20184317668839640e+01,1.24347169136965183e-01,4.85912549878248390e-01,4.77693800731225551e-03,2.83340444618922493e-02,3.96568603587887480e+00,3.28147878231632433e+01,3.28147878231632433e+01,0.00000000000000000e+00,1,0,0
4,3.09989003698384370e-02,1.10625628236993456e-01,6.22028351559964290e-02,1.09834961737268602e-01,4.55712478159256806e-01,9.20184317668839640e+01,1.24347169136965183e-01,4.85912549878248390e-01,6.00454005747971288e-03,3.14841799075313844e-02,3.96568603587887480e+00,3.28147878231632433e+01,3.28147878231632433e+01,0.00000000000000000e+00,1,0,0
5,3.13279616826832863e-02,1.10222673321283146e-01,6.22028351559964152e-02,1.09142195183172974e-01,4.55712478159256806e-01,9.20184317668839640e+01,1.24347169136965183e-01,4.85912549878248390e-01,7.26946288487115202e-03,3.40946977585474542e-02,3.96568603587887480e+00,3.28147878231632433e+01,3.28147878231632433e+01,0.00000000000000000e+00,1,1,0
6,3.16781158350197267e-02,1.09901206888554051e-01,6.22028351559964221e-02,1.08579149564823493e-01,4.55712478159256806e-01,9.20184317668839640e+01,1.24347169136965183e-01,4.85912549878248390e-01,8.46011938627009435e-03,3.61932312344037665e-02,3.96568603587887480e+00,3.28147878231632433e+01,3.28147878231632433e+01,0.00000000000000000e+00,1,0,0
7,3.20437504435253512e-02,1.09624865672385982e-01,6.22028351559964290e-02,1.08089921406118589e-01,4.55712478159256806e-01,9.20184317668839640e+01,1.24347169136965183e-01,4.85912549878248390e-01,9.61539104583898976e-03,3.80009947620332245e-02,3.96568603587887480e+00,3.28147878231632433e+01,3.28147878231632433e+01,0.00000000000000000e+00,1,0,0
8,3.24066936369392308e-02,1.09387920743536482e-01,6.22028351559964013e-02,1.07665780583191539e-01,4.55712478159256806e-01,9.20184317668839640e+01,1.24347169136965183e-01,4.85912549878248390e-01,1.07073206366385659e-02,3.95554606661412400e-02,3.96568603587887480e+00,3.28147878231632433e+01,3.28147878231632433e+01,0.00000000000000000e+00,1,0,0
9,3.27894061867420802e-02,1.09163724622165739e-01,6.22028351559964152e-02,1.07262780047658726e-01,4.55712478159256806e-01,9.20184317668839640e+01,1.24347169136965183e-01,4.85912549878248390e-01,1.18192110363863779e-02,4.10193142983650283e-02,3.96568603587887480e+00,3.28147878231632433e+01,3.28147878231632433e+01,0.00000000000000000e+00,1,0,0
10,3.31872638846222104e-02,1.08951005617375876e-01,6.22028351559963874e-02,1.06880677541404553e-01,4.55712478159256806e-01,9.20184317668839640e+01,1.24347169136965183e-01,4.85912549878248390e-01,1.29422254395174970e-02,4.23989911384794471e-02,3.96568603587887480e+00,3.28147878231632433e+01,3.28147878231632433e+01,0.00000000000000000e+00,1,1,1
11,3.31872638846222104e-02,1.08951005617375876e-01,6.22028351559963874e-02,1.06880677541404553e-01,4.55712478159256806e-01,9.20184317668839640e+01,1.24347169136965183e-01,4.85912549878248390e-01,1.29422254395174970e-02,4.23989911384794471e-02,3.96568603587887480e+00,3.28147878231632433e+01,3.28147878231632433e+01,0.00000000000000000e+00,0,0,0
12,3.35957919749841905e-02,1.08751287036048597e-01,6.22028351559964082e-02,1.06517428808914294e-01,4.55712478159256806e-01,9.20184317668839640e+01,1.24347169136965183e-01,4.85912549878248390e-01,1.40693479868317633e-02,4.40191508937730624e-02,3.96568603587887480e+00,3.28147878231632433e+01,3.28147878231632433e+01,0.00000000000000000e+00,1,0,0
13,3.40114901969386235e-02,1.08562282464310544e-01,6.22028351559964152e-02,1.06171652688709095e-01,4.55712478159256806e-01,9.20184317668839640e+01,1.24347169136965183e-01,4.85912549878248390e-01,1.51949156523816502e-02,4.56791335105803942e-02,3.96568603587887480e+00,3.28147878231632433e+01,3.28147878231632433e+01,0.00000000000000000e+00,1,0,0
14,3.44507543672922592e-02,1.08375463482398404e-01,6.22028351559964152e-02,1.05828843940797029e-01,4.55712478159256806e-01,9.20184317668839640e+01,1.24347169136965183e-01,4.85912549878248390e-01,1.63641464923140988e-02,4.73158224945067207e-02,3.96568603587887480e+00,3.28147878231632433e+01,3.28147878231632433e+01,0.00000000000000000e+00,1,0,0
15,3.48928241376694620e-02,1.08198329330370366e-01,6.22028351559964290e-02,1.05503122927703197e-01,4.55712478159256806e-01,9.20184317668839640e+01,1.24347169136965183e-01,4.85912549878248390e-01,1.75236270824585816e-02,4.88617972204465900e-02,3.96568603587887480e+00,3.28147878231632433e+01,3.28147878231632433e+01,0.00000000000000000e+00,1,1,0
16,3.53354127741027924e-02,1.08029854649993665e-01,6.22028351559963805e-02,1.05193829638360506e-01,4.55712478159256806e-01,9.20184317668839640e+01,1.24347169136965183e-01,4.85912549878248390e-01,1.86694729693798050e-02,5.03232816683756301e-02,3.96568603587887480e+00,3.28147878231632433e+01,3.28147878231632433e+01,0.00000000000000000e+00,1,0,0
17,3.57958926960504770e-02,1.07862624376602476e-01,6.22028351559964013e-02,1.04886789723521903e-01,4.55712478159256806e-01,9.20184317668839640e+01,1.24347169136965183e-01,4.85912549878248390e-01,1.98484453551876286e-02,5.17659327219603949e-02,3.96568603587887480e+00,3.28147878231632433e+01,3.28147878231632433e+01,0.00000000000000000e+00,1,0,0
18,3.57958926960504770e-02,1.07862624376602476e-01,6.22028351559964013e-02,1.04886789723521903e-01,4.55712478159256806e-01,9.20184317668839640e+01,1.24347169136965183e-01,4.85912549878248390e-01,1.98484453551876286e-02,5.17659327219603949e-02,3.96568603587887480e+00,3.28147878231632433e+01,3.28147878231632433e+01,0.00000000000000000e+00,0,0,0
19,3.62532699830937846e-02,1.07703970113626604e-01,6.22028351559964221e-02,1.04594301242646293e-01,4.55712478159256806e-01,9.20184317668839640e+01,1.24347169136965183e-01,4.85912549878248390e-01,2.10082831535496825e-02,5.31308306004969477e-02,3.96568603587887480e+00,3.28147878231632433e+01,3.28147878231632433e+01,0.00000000000000000e+00,1,0,0
20,3.62532699830937846e-02,1.07703970113626604e-01,6.22028351559964221e-02,1.04594301242646293e-01,4.55712478159256806e-01,9.20184317668839640e+01,1.24347169136965183e-01,4.85912549878248390e-01,2.10082831535496825e-02,5.31308306004969477e-02,3.96568603587887480e+00,3.28147878231632433e+01,3.28147878231632433e+01,0.00000000000000000e+00,0,1,1
21,3.67263224882468792e-02,1.07546803096745622e-01,6.22028351559964290e-02,1.04304169086004830e-01,4.55712478159256806e-01,9.20184317668839640e+01,1.24347169136965183e-01,4.85912549878248390e-01,2.21968208187180785e-02,5.44788665079147805e-02,3.96568603587887480e+00,3.28147878231632433e+01,3.28147878231632433e+01,0.00000000000000000e+00,1,0,0
22,3.71944031227611216e-02,1.07397072529177254e-01,6.22028351559963735e-02,1.04029325698427669e-01,4.55712478159256806e-01,9.20184317668839640e+01,1.24347169136965183e-01,4.85912549878248390e-01,2.33620184215559447e-02,5.57552472849827119e-02,3.96568603587887480e+00,3.28147878231632433e+01,3.28147878231632433e+01,0.00000000000000000e+00,1,0,0
23,3.71944031227611216e-02,1.07397072529177254e-01,6.22028351559963735e-02,1.04029325698427669e-01,4.55712478159256806e-01,9.20184317668839640e+01,1.24347169136965183e-01,4.85912549878248390e-01,2.33620184215559447e-02,5.57552472849827119e-02,3.96568603587887480e+00,3.28147878231632433e+01,3.28147878231632433e+01,0.00000000000000000e+00,0,0,0
24,3.71944031227611216e-02,1.07397072529177254e-01,6.22028351559963735e-02,1.04029325698427669e-01,4.55712478159256806e-01,9.20184317668839640e+01,1.24347169136965183e-01,4.85912549878248390e-01,2.33620184215559447e-02,5.57552472849827119e-02,3.96568603587887480e+00,3.28147878231632433e+01,3.28147878231632433e+01,0.00000000000000000e+00,0,0,0
25,3.76759216003004702e-02,1.07248882356176911e-01,6.22028351559964082e-02,1.03756395088603043e-01,4.55712478159256806e-01,9.20184317668839640e+01,1.24347169136965183e-01,4.85912549878248390e-01,2.45518997105836599e-02,5.70165075053830073e-02,3.96568603587887480e+00,3.28147878231632433e+01,3.28147878231632433e+01,0.00000000000000000e+00,1,1,0
26,3.81497360598534174e-02,1.07108008776755539e-01,6.22028351559964221e-02,1.03495988367678177e-01,4.55712478159256806e-01,9.20184317668839640e+01,1.24347169136965183e-01,4.85912549878248390e-01,2.57154082840083988e-02,5.82116423803973326e-02,3.96568603587887480e+00,3.28147878231632433e+01,3.28147878231632433e+01,0.00000000000000000e+00,1,0,0
27,3.81497360598534174e-02,1.07108008776755539e-01,6.22028351559964221e-02,1.03495988367678177e-01,4.55712478159256806e-01,9.20184317668839640e+01,1.24347169136965183e-01,4.85912549878248390e-01,2.57154082840083988e-02,5.82116423803973326e-02,3.96568603587887480e+00,3.28147878231632433e+01,3.28147878231632433e+01,0.00000000000000000e+00,0,0,0
28,3.86351053005162537e-02,1.06967716017767722e-01,6.22028351559964013e-02,1.03236708448382092e-01,4.55712478159256806e-01,9.20184317668839640e+01,1.24347169136965183e-01,4.85912549878248390e-01,2.69005533131193991e-02,5.93931974277532859e-02,3.96568603587887480e+00,3.28147878231632433e+01,3.28147878231632433e+01,0.00000000000000000e+00,1,0,0
29,3.91322528341783299e-02,1.06828212215491006e-01,6.22028351559964360e-02,1.02980055977209689e-01,4.55712478159256806e-01,9.20184317668839640e+01,1.24347169136965183e-01,4.85912549878248390e-01,2.81065525491915567e-02,6.05613253746442037e-02,3.96568603587887480e+00,3.28147878231632433e+01,3.28147878231632433e+01,0.00000000000000000e+00,1,0,0
30,3.96195971084516499e-02,1.06695390552560110e-01,6.22028351559964290e-02,1.02735985004195507e-01,4.55712478159256806e-01,9.20184317668839640e+01,1.24347169136965183e-01,4.85912549878248390e-01,2.92820783548860368e-02,6.16690441393406008e-02,3.96568603587887480e+00,3.28147878231632433e+01,3.28147878231632433e+01,0.00000000000000000e+00,1,1,1
31,4.01166199750932206e-02,1.06563536249048921e-01,6.22028351559964082e-02,1.02492927353088403e-01,4.55712478159256806e-01,9.20184317668839640e+01,1.24347169136965183e-01,4.85912549878248390e-01,3.04756539176764887e-02,6.27646857332637698e-02,3.96568603587887480e+00,3.28147878231632433e+01,3.28147878231632433e+01,0.00000000000000000e+00,1,0,0
32,4.01166199750932206e-02,1.06563536249048921e-01,6.22028351559964082e-02,1.02492927353088403e-01,4.55712478159256806e-01,9.20184317668839640e+01,1.24347169136965183e-01,4.85912549878248390e-01,3.04756539176764887e-02,6.27646857332637698e-02,3.96568603587887480e+00,3.28147878231632433e+01,3.28147878231632433e+01,0.00000000000000000e+00,0,0,0
33,4.01166199750932206e-02,1.06563536249048921e-01,6.22028351559964082e-02,1.02492927353088403e-01,4.55712478159256806e-01,9.20184317668839640e+01,1.24347169136965183e-01,4.85912549878248390e-01,3.04756539176764887e-02,6.27646857332637698e-02,3.96568603587887480e+00,3.28147878231632433e+01,3.28147878231632433e+01,0.00000000000000000e+00,0,0,0
34,4.01166199750932206e-02,1.06563536249048921e-01,6.22028351559964082e-02,1.02492927353088403e-01,4.55712478159256806e-01,9.20184317668839640e+01,1.24347169136965183e-01,4.85912549878248390e-01,3.04756539176764887e-02,6.27646857332637698e-02,3.96568603587887480e+00,3.28147878231632433e+01,3.28147878231632433e+01,0.00000000000000000e+00,0,0,0
35,4.01166199750932206e-02,1.06563536249048921e-01,6.22028351559964082e-02,1.02492927353088403e-01,4.55712478159256806e-01,9.20184317668839640e+01,1.24347169136965183e-01,4.85912549878248390e-01,3.04756539176764887e-02,6.27646857332637698e-02,3.96568603587887480e+00,3.28147878231632433e+01,3.28147878231632433e+01,0.00000000000000000e+00,0,1,0
36,4.01166199750932206e-02,1.06563536249048921e-01,6.22028351559964082e-02,1.02492927353088403e-01,4.55712478159256806e-01,9.20184317668839640e+01,1.24347169136965183e-01,4.85912549878248390e-01,3.04756539176764887e-02,6.27646857332637698e-02,3.96568603587887480e+00,3.28147878231632433e+01,3.28147878231632433e+01,0.00000000000000000e+00,0,0,0
37,4.01166199750932206e-02,1.06563536249048921e-01,6.22028351559964082e-02,1.02492927353088403e-01,4.55712478159256806e-01,9.20184317668839640e+01,1.24347169136965183e-01,4.85912549878248390e-01,3.04756539176764887e-02,6.27646857332637698e-02,3.96568603587887480e+00,3.28147878231632433e+01,3.28147878231632433e+01,0.00000000000000000e+00,0,0,0
38,4.01166199750932206e-02,1.06563536249048921e-01,6.22028351559964082e-02,1.02492927353088403e-01,4.55712478159256806e-01,9.20184317668839640e+01,1.24347169136965183e-01,4.85912549878248390e-01,3.04756539176764887e-02,6.27646857332637698e-02,3.96568603587887480e+00,3.28147878231632433e+01,3.28147878231632433e+01,0.00000000000000000e+00,0,0,0
39,4.01166199750932206e-02,1.06563536249048921e-01,6.22028351559964082e-02,1.02492927353088403e-01,4.55712478159256806e-01,9.20184317668839640e+01,1.24347169136965183e-01,4.85912549878248390e-01,3.04756539176764887e-02,6.27646857332637698e-02,3.96568603587887480e+00,3.28147878231632433e+01,3.28147878231632433e+01,0.00000000000000000e+00,0,0,0
40,4.06231033982036444e-02,1.06432542733818414e-01,6.22028351559964082e-02,1.02250932017679791e-01,4.55712478159256806e-01,9.20184317668839640e+01,1.24347169136965183e-01,4.85912549878248390e-01,3.16868089995824762e-02,6.38483803933223015e-02,3.96568603587887480e+00,3.28147878231632433e+01,3.28147878231632433e+01,0.00000000000000000e+00,1,1,1
41,4.06231033982036444e-02,1.06432542733818414e-01,6.22028351559964082e-02,1.02250932017679791e-01,4.55712478159256806e-01,9.20184317668839640e+01,1.24347169136965183e-01,4.85912549878248390e-01,3.16868089995824762e-02,6.38483803933223015e-02,3.96568603587887480e+00,3.28147878231632433e+01,3.28147878231632433e+01,0.00000000000000000e+00,0,0,0
42,4.06231033982036444e-02,1.06432542733818414e-01,6.22028351559964082e-02,1.02250932017679791e-01,4.55712478159256806e-01,9.20184317668839640e+01,1.24347169136965183e-01,4.85912549878248390e-01,3.16868089995824762e-02,6.38483803933223015e-02,3.96568603587887480e+00,3.28147878231632433e+01,3.28147878231632433e+01,0.00000000000000000e+00,0,0,0
43,4.11176877369195046e-02,1.06307596927628797e-01,6.22028351559964152e-02,1.02019972595538660e-01,4.55712478159256806e-01,9.20184317668839640e+01,1.24347169136965183e-01,4.85912549878248390e-01,3.28646908373730479e-02,6.48767934111635913e-02,3.96568603587887480e+00,3.28147878231632433e+01,3.28147878231632433e+01,0.00000000000000000e+00,1,0,0
44,4.15779445507890727e-02,1.06194052996945731e-01,6.22028351559964013e-02,1.01809430384348643e-01,4.55712478159256806e-01,9.20184317668839640e+01,1.24347169136965183e-01,4.85912549878248390e-01,3.39568632379478944e-02,6.58092350580634644e-02,3.96568603587887480e+00,3.28147878231632433e+01,3.28147878231632433e+01,0.00000000000000000e+00,1,0,0
45,4.20448943502006942e-02,1.06080904603315151e-01,6.22028351559964013e-02,1.01599653022807296e-01,4.55712478159256806e-01,9.20184317668839640e+01,1.24347169136965183e-01,4.85912549878248390e-01,3.50614453200939202e-02,6.67327351087323439e-02,3.96568603587887480e+00,3.28147878231632433e+01,3.28147878231632433e+01,0.00000000000000000e+00,1,1,0
46,4.25183785304746875e-02,1.05968407035158044e-01,6.22028351559964152e-02,1.01390637102203085e-01,4.55712478159256806e-01,9.20184317668839640e+01,1.24347169136965183e-01,4.85912549878248390e-01,3.61781264900986888e-02,6.76474606025436742e-02,3.96568603587887480e+00,3.28147878231632433e+01,3.28147878231632433e+01,0.00000000000000000e+00,1,0,0
47,4.25183785304746875e-02,1.05968407035158044e-01,6.22028351559964152e-02,1.01390637102203085e-01,4.55712478159256806e-01,9.20184317668839640e+01,1.24347169136965183e-01,4.85912549878248390e-01,3.61781264900986888e-02,6.76474606025436742e-02,3.96568603587887480e+00,3.28147878231632433e+01,3.28147878231632433e+01,0.00000000000000000e+00,0,0,0
48,4.25183785304746875e-02,1.05968407035158044e-01,6.22028351559964152e-02,1.01390637102203085e-01,4.55712478159256806e-01,9.20184317668839640e+01,1.24347169136965183e-01,4.85912549878248390e-01,3.61781264900986888e-02,6.76474606025436742e-02,3.96568603587887480e+00,3.28147878231632433e+01,3.28147878231632433e+01,0.00000000000000000e+00,0,0,0
49,4.29982698097743712e-02,1.05856926217474348e-01,6.22028351559964290e-02,1.01182379811342690e-01,4.55712478159256806e-01,9.20184317668839640e+01,1.24347169136965183e-01,4.85912549878248390e-01,3.73066582795133772e-02,6.85537546910666151e-02,3.96568603587887480e+00,3.28147878231632433e+01,3.28147878231632433e+01,0.00000000000000000e+00,1,0,0
50,4.34413795653523782e-02,1.05755942587699991e-01,6.22028351559964013e-02,1.00993111415848658e-01,4.55712478159256806e-01,9.20184317668839640e+01,1.24347169136965183e-01,4.85912549878248390e-01,3.83459395140005460e-02,6.93730324593810899e-02,3.96568603587887480e+00,3.28147878231632433e+01,3.28147878231632433e+01,0.00000000000000000e+00,1,1,1
51,4.38896038179416442e-02,1.05655483976517681e-01,6.22028351559964013e-02,1.00804602262459353e-01,4.55712478159256806e-01,9.20184317668839640e+01,1.24347169136965183e-01,4.85912549878248390e-01,3.93945508838246528e-02,7.01854383724995756e-02,3.96568603587887480e+00,3.28147878231632433e+01,3.28147878231632433e+01,0.00000000000000000e+00,1,0,0
52,4.43428381230930035e-02,1.05555368063778091e-01,6.22028351559963874e-02,1.00616856894714057e-01,4.55712478159256806e-01,9.20184317668839640e+01,1.24347169136965183e-01,4.85912549878248390e-01,4.04522832778124106e-02,7.09910316009607634e-02,3.96568603587887480e+00,3.28147878231632433e+01,3.28147878231632433e+01,0.00000000000000000e+00,1,0,0
53,4.48010038655951570e-02,1.05455756355705477e-01,6.22028351559964152e-02,1.00430009046522245e-01,4.55712478159256806e-01,9.20184317668839640e+01,1.24347169136965183e-01,4.85912549878248390e-01,4.15188754599640289e-02,7.17898707892703491e-02,3.96568603587887480e+00,3.28147878231632433e+01,3.28147878231632433e+01,0.00000000000000000e+00,1,0,0
54,4.48010038655951570e-02,1.05455756355705477e-01,6.22028351559964152e-02,1.00430009046522245e-01,4.55712478159256806e-01,9.20184317668839640e+01,1.24347169136965183e-01,4.85912549878248390e-01,4.15188754599640289e-02,7.17898707892703491e-02,3.96568603587887480e+00,3.28147878231632433e+01,3.28147878231632433e+01,0.00000000000000000e+00,0,0,0
55,4.52638609345360904e-02,1.05356611379433293e-01,6.22028351559964013e-02,1.00243777971776984e-01,4.55712478159256806e-01,9.20184317668839640e+01,1.24347169136965183e-01,4.85912549878248390e-01,4.25940763779643697e-02,7.25820140606794340e-02,3.96568603587887480e+00,3.28147878231632433e+01,3.28147878231632433e+01,0.00000000000000000e+00,1,1,0
56,4.57313243265068253e-02,1.05258550300520740e-01,6.22028351559964082e-02,1.00058227872449348e-01,4.55712478159256806e-01,9.20184317668839640e+01,1.24347169136965183e-01,4.85912549878248390e-01,4.36776673902255358e-02,7.33675190219256201e-02,3.96568603587887480e+00,3.28147878231632433e+01,3.28147878231632433e+01,0.00000000000000000e+00,1,0,0
57,4.57313243265068253e-02,1.05258550300520740e-01,6.22028351559964082e-02,1.00058227872449348e-01,4.55712478159256806e-01,9.20184317668839640e+01,1.24347169136965183e-01,4.85912549878248390e-01,4.36776673902255358e-02,7.33675190219256201e-02,3.96568603587887480e+00,3.28147878231632433e+01,3.28147878231632433e+01,0.00000000000000000e+00,0,0,0
58,4.61816203197987080e-02,1.05165378564207157e-01,6.22028351559964013e-02,9.98818020716688570e-02,4.55712478159256806e-01,9.20184317668839640e+01,1.24347169136965183e-01,4.85912549878248390e-01,4.47193576963731479e-02,7.41109696695958498e-02,3.96568603587887480e+00,3.28147878231632433e+01,3.28147878231632433e+01,0.00000000000000000e+00,1,0,0
59,4.61816203197987080e-02,1.05165378564207157e-01,6.22028351559964013e-02,9.98818020716688570e-02,4.55712478159256806e-01,9.20184317668839640e+01,1.24347169136965183e-01,4.85912549878248390e-01,4.47193576963731479e-02,7.41109696695958498e-02,3.96568603587887480e+00,3.28147878231632433e+01,3.28147878231632433e+01,0.00000000000000000e+00,0,0,0
60,4.66359393309486447e-02,1.05072547472509992e-01,6.22028351559964152e-02,9.97060261569377160e-02,4.55712478159256806e-01,9.20184317668839640e+01,1.24347169136965183e-01,4.85912549878248390e-01,4.57683266509773812e-02,7.48484763629260197e-02,3.96568603587887480e+00,3.28147878231632433e+01,3.28147878231632433e+01,0.00000000000000000e+00,1,1,1
61,4.70942100748395834e-02,1.04980037832508713e-01,6.22028351559964152e-02,9.95309803552366229e-02,4.55712478159256806e-01,9.20184317668839640e+01,1.24347169136965183e-01,4.85912549878248390e-01,4.68243705448930445e-02,7.55800878697021616e-02,3.96568603587887480e+00,3.28147878231632433e+01,3.28147878231632433e+01,0.00000000000000000e+00,1,0,0
62,4.70942100748395834e-02,1.04980037832508713e-01,6.22028351559964152e-02,9.95309803552366229e-02,4.55712478159256806e-01,9.20184317668839640e+01,1.24347169136965183e-01,4.85912549878248390e-01,4.68243705448930445e-02,7.55800878697021616e-02,3.96568603587887480e+00,3.28147878231632433e+01,3.28147878231632433e+01,0.00000000000000000e+00,0,0,0
63,4.70942100748395834e-02,1.04980037832508713e-01,6.22028351559964152e-02,9.95309803552366229e-02,4.55712478159256806e-01,9.20184317668839640e+01,1.24347169136965183e-01,4.85912549878248390e-01,4.68243705448930445e-02,7.55800878697021616e-02,3.96568603587887480e+00,3.28147878231632433e+01,3.28147878231632433e+01,0.00000000000000000e+00,0,0,0
64,4.70942100748395834e-02,1.04980037832508713e-01,6.22028351559964152e-02,9.95309803552366229e-02,4.55712478159256806e-01,9.20184317668839640e+01,1.24347169136965183e-01,4.85912549878248390e-01,4.68243705448930445e-02,7.55800878697021616e-02,3.96568603587887480e+00,3.28147878231632433e+01,3.28147878231632433e+01,0.00000000000000000e+00,0,0,0
65,4.70942100748395834e-02,1.04980037832508713e-01,6.22028351559964152e-02,9.95309803552366229e-02,4.55712478159256806e-01,9.20184317668839640e+01,1.24347169136965183e-01,4.85912549878248390e-01,4.68243705448930445e-02,7.55800878697021616e-02,3.96568603587887480e+00,3.28147878231632433e+01,3.28147878231632433e+01,0.00000000000000000e+00,0,1,0
66,4.70942100748395834e-02,1.04980037832508713e-01,6.22028351559964152e-02,9.95309803552366229e-02,4.55712478159256806e-01,9.20184317668839640e+01,1.24347169136965183e-01,4.85912549878248390e-01,4.68243705448930445e-02,7.55800878697021616e-02,3.96568603587887480e+00,3.28147878231632433e+01,3.28147878231632433e+01,0.00000000000000000e+00,0,0,0
67,4.75563073929997776e-02,1.04887758377002149e-01,6.22028351559964152e-02,9.93566090496936366e-02,4.55712478159256806e-01,9.20184317668839640e+01,1.24347169136965183e-01,4.85912549878248390e-01,4.78872863356967701e-02,7.63058525445867719e-02,3.96568603587887480e+00,3.28147878231632433e+01,3.28147878231632433e+01,0.00000000000000000e+00,1,0,0
68,4.75563073929997776e-02,1.04887758377002149e-01,6.22028351559964152e-02,9.93566090496936366e-02,4.55712478159256806e-01,9.20184317668839640e+01,1.24347169136965183e-01,4.85912549878248390e-01,4.78872863356967701e-02,7.63058525445867719e-02,3.96568603587887480e+00,3.28147878231632433e+01,3.28147878231632433e+01,0.00000000000000000e+00,0,0,0
69,4.75563073929997776e-02,1.04887758377002149e-01,6.22028351559964152e-02,9.93566090496936366e-02,4.55712478159256806e-01,9.20184317668839640e+01,1.24347169136965183e-01,4.85912549878248390e-01,4.78872863356967701e-02,7.63058525445867719e-02,3.96568603587887480e+00,3.28147878231632433e+01,3.28147878231632433e+01,0.00000000000000000e+00,0,0,0
70,4.75563073929997776e-02,1.04887758377002149e-01,6.22028351559964152e-02,9.93566090496936366e-02,4.55712478159256806e-01,9.20184317668839640e+01,1.24347169136965183e-01,4.85912549878248390e-01,4.78872863356967701e-02,7.63058525445867719e-02,3.96568603587887480e+00,3.28147878231632433e+01,3.28147878231632433e+01,0.00000000000000000e+00,0,1,1
71,4.75563073929997776e-02,1.04887758377002149e-01,6.22028351559964152e-02,9.93566090496936366e-02,4.55712478159256806e-01,9.20184317668839640e+01,1.24347169136965183e-01,4.85912549878248390e-01,4.78872863356967701e-02,7.63058525445867719e-02,3.96568603587887480e+00,3.28147878231632433e+01,3.28147878231632433e+01,0.00000000000000000e+00,0,0,0
72,4.75563073929997776e-02,1.04887758377002149e-01,6.22028351559964152e-02,9.93566090496936366e-02,4.55712478159256806e-01,9.20184317668839640e+01,1.24347169136965183e-01,4.85912549878248390e-01,4.78872863356967701e-02,7.63058525445867719e-02,3.96568603587887480e+00,3.28147878231632433e+01,3.28147878231632433e+01,0.00000000000000000e+00,0,0,0
73,4.80221530088539433e-02,1.04796340547285469e-01,6.22028351559964221e-02,9.91829740072142918e-02,4.55712478159256806e-01,9.20184317668839640e+01,1.24347169136965183e-01,4.85912549878248390e-01,4.89568712831567679e-02,7.70258183327761081e-02,3.96568603587887480e+00,3.28147878231632433e+01,3.28147878231632433e+01,0.00000000000000000e+00,1,0,0
74,4.80221530088539433e-02,1.04796340547285469e-01,6.22028351559964221e-02,9.91829740072142918e-02,4.55712478159256806e-01,9.20184317668839640e+01,1.24347169136965183e-01,4.85912549878248390e-01,4.89568712831567679e-02,7.70258183327761081e-02,3.96568603587887480e+00,3.28147878231632433e+01,3.28147878231632433e+01,0.00000000000000000e+00,0,0,0
75,4.80221530088539433e-02,1.04796340547285469e-01,6.22028351559964221e-02,9.91829740072142918e-02,4.55712478159256806e-01,9.20184317668839640e+01,1.24347169136965183e-01,4.85912549878248390e-01,4.89568712831567679e-02,7.70258183327761081e-02,3.96568603587887480e+00,3.28147878231632433e+01,3.28147878231632433e+01,0.00000000000000000e+00,0,1,0
76,4.80221530088539433e-02,1.04796340547285469e-01,6.22028351559964221e-02,9.91829740072142918e-02,4.55712478159256806e-01,9.20184317668839640e+01,1.24347169136965183e-01,4.85912549878248390e-01,4.89568712831567679e-02,7.70258183327761081e-02,3.96568603587887480e+00,3.28147878231632433e+01,3.28147878231632433e+01,0.00000000000000000e+00,0,0,0
77,4.80221530088539433e-02,1.04796340547285469e-01,6.22028351559964221e-02,9.91829740072142918e-02,4.55712478159256806e-01,9.20184317668839640e+01,1.24347169136965183e-01,4.85912549878248390e-01,4.89568712831567679e-02,7.70258183327761081e-02,3.96568603587887480e+00,3.28147878231632433e+01,3.28147878231632433e+01,0.00000000000000000e+00,0,0,0
78,4.84916302813664449e-02,1.04705942092641099e-01,6.22028351559964013e-02,9.90100362241249365e-02,4.55712478159256806e-01,9.20184317668839640e+01,1.24347169136965183e-01,4.85912549878248390e-01,5.00329260674346327e-02,7.77400327735691121e-02,3.96568603587887480e+00,3.28147878231632433e+01,3.28147878231632433e+01,0.00000000000000000e+00,1,0,0
79,4.89646893321341245e-02,1.04615923958182769e-01,6.22028351559964013e-02,9.88379209824263999e-02,4.55712478159256806e-01,9.20184317668839640e+01,1.24347169136965183e-01,4.85912549878248390e-01,5.11152547648666619e-02,7.84485430040224863e-02,3.96568603587887480e+00,3.28147878231632433e+01,3.28147878231632433e+01,0.00000000000000000e+00,1,0,0
80,4.89646893321341245e-02,1.04615923958182769e-01,6.22028351559964013e-02,9.88379209824263999e-02,4.55712478159256806e-01,9.20184317668839640e+01,1.24347169136965183e-01,4.85912549878248390e-01,5.11152547648666619e-02,7.84485430040224863e-02,3.96568603587887480e+00,3.28147878231632433e+01,3.28147878231632433e+01,0.00000000000000000e+00,0,1,1
81,4.89646893321341245e-02,1.04615923958182769e-01,6.22028351559964013e-02,9.88379209824263999e-02,4.55712478159256806e-01,9.20184317668839640e+01,1.24347169136965183e-01,4.85912549878248390e-01,5.11152547648666619e-02,7.84485430040224863e-02,3.96568603587887480e+00,3.28147878231632433e+01,3.28147878231632433e+01,0.00000000000000000e+00,0,0,0
82,4.89646893321341245e-02,1.04615923958182769e-01,6.22028351559964013e-02,9.88379209824263999e-02,4.55712478159256806e-01,9.20184317668839640e+01,1.24347169136965183e-01,4.85912549878248390e-01,5.11152547648666619e-02,7.84485430040224863e-02,3.96568603587887480e+00,3.28147878231632433e+01,3.28147878231632433e+01,0.00000000000000000e+00,0,0,0
83,4.94411645474029729e-02,1.04526172075844095e-01,6.22028351559964221e-02,9.86664734241976815e-02,4.55712478159256806e-01,9.20184317668839640e+01,1.24347169136965183e-01,4.85912549878248390e-01,5.22036517800461911e-02,7.91513957625271658e-02,3.96568603587887480e+00,3.28147878231632433e+01,3.28147878231632433e+01,0.00000000000000000e+00,1,0,0
84,4.94411645474029729e-02,1.04526172075844095e-01,6.22028351559964221e-02,9.86664734241976815e-02,4.55712478159256806e-01,9.20184317668839640e+01,1.24347169136965183e-01,4.85912549878248390e-01,5.22036517800461911e-02,7.91513957625271658e-02,3.96568603587887480e+00,3.28147878231632433e+01,3.28147878231632433e+01,0.00000000000000000e+00,0,0,0
85,4.94411645474029729e-02,1.04526172075844095e-01,6.22028351559964221e-02,9.86664734241976815e-02,4.55712478159256806e-01,9.20184317668839640e+01,1.24347169136965183e-01,4.85912549878248390e-01,5.22036517800461911e-02,7.91513957625271658e-02,3.96568603587887480e+00,3.28147878231632433e+01,3.28147878231632433e+01,0.00000000000000000e+00,0,1,0
86,4.94411645474029729e-02,1.04526172075844095e-01,6.22028351559964221e-02,9.86664734241976815e-02,4.55712478159256806e-01,9.20184317668839640e+01,1.24347169136965183e-01,4.85912549878248390e-01,5.22036517800461911e-02,7.91513957625271658e-02,3.96568603587887480e+00,3.28147878231632433e+01,3.28147878231632433e+01,0.00000000000000000e+00,0,0,0
87,4.94411645474029729e-02,1.04526172075844095e-01,6.22028351559964221e-02,9.86664734241976815e-02,4.55712478159256806e-01,9.20184317668839640e+01,1.24347169136965183e-01,4.85912549878248390e-01,5.22036517800461911e-02,7.91513957625271658e-02,3.96568603587887480e+00,3.28147878231632433e+01,3.28147878231632433e+01,0.00000000000000000e+00,0,0,0
88,4.94411645474029729e-02,1.04526172075844095e-01,6.22028351559964221e-02,9.86664734241976815e-02,4.55712478159256806e-01,9.20184317668839640e+01,1.24347169136965183e-01,4.85912549878248390e-01,5.22036517800461911e-02,7.91513957625271658e-02,3.96568603587887480e+00,3.28147878231632433e+01,3.28147878231632433e+01,0.00000000000000000e+00,0,0,0
89,4.94411645474029729e-02,1.04526172075844095e-01,6.22028351559964221e-02,9.86664734241976815e-02,4.55712478159256806e-01,9.20184317668839640e+01,1.24347169136965183e-01,4.85912549878248390e-01,5.22036517800461911e-02,7.91513957625271658e-02,3.96568603587887480e+00,3.28147878231632433e+01,3.28147878231632433e+01,0.00000000000000000e+00,0,0,0
90,4.98992104245860671e-02,1.04440740544696584e-01,6.22028351559964221e-02,9.85040376328124301e-02,4.55712478159256806e-01,9.20184317668839640e+01,1.24347169136965183e-01,4.85912549878248390e-01,5.32478537264178958e-02,7.98169364709240270e-02,3.96568603587887480e+00,3.28147878231632433e+01,3.28147878231632433e+01,0.00000000000000000e+00,1,1,1
91,5.03601897333155607e-02,1.04355590998940220e-01,6.22028351559963943e-02,9.83421881112871848e-02,4.55712478159256806e-01,9.20184317668839640e+01,1.24347169136965183e-01,4.85912549878248390e-01,5.42972502136798152e-02,8.04774064904241193e-02,3.96568603587887480e+00,3.28147878231632433e+01,3.28147878231632433e+01,0.00000000000000000e+00,1,0,0
92,5.08239879240764969e-02,1.04270649236128096e-01,6.22028351559964429e-02,9.81808193297682014e-02,4.55712478159256806e-01,9.20184317668839640e+01,1.24347169136965183e-01,4.85912549878248390e-01,5.53516973082065142e-02,8.11328454498188023e-02,3.96568603587887480e+00,3.28147878231632433e+01,3.28147878231632433e+01,0.00000000000000000e+00,1,0,0
93,5.08239879240764969e-02,1.04270649236128096e-01,6.22028351559964429e-02,9.81808193297682014e-02,4.55712478159256806e-01,9.20184317668839640e+01,1.24347169136965183e-01,4.85912549878248390e-01,5.53516973082065142e-02,8.11328454498188023e-02,3.96568603587887480e+00,3.28147878231632433e+01,3.28147878231632433e+01,0.00000000000000000e+00,0,0,0
94,5.12905255794826806e-02,1.04185902630847635e-01,6.22028351559964290e-02,9.80199306251128694e-02,4.55712478159256806e-01,9.20184317668839640e+01,1.24347169136965183e-01,4.85912549878248390e-01,5.64110385570694706e-02,8.17832926588144549e-02,3.96568603587887480e+00,3.28147878231632433e+01,3.28147878231632433e+01,0.00000000000000000e+00,1,0,0
95,5.12905255794826806e-02,1.04185902630847635e-01,6.22028351559964290e-02,9.80199306251128694e-02,4.55712478159256806e-01,9.20184317668839640e+01,1.24347169136965183e-01,4.85912549878248390e-01,5.64110385570694706e-02,8.17832926588144549e-02,3.96568603587887480e+00,3.28147878231632433e+01,3.28147878231632433e+01,0.00000000000000000e+00,0,1,0
96,5.17598953494607383e-02,1.04101350629431197e-01,6.22028351559964429e-02,9.78599559708494271e-02,4.55712478159256806e-01,9.20184317668839640e+01,1.24347169136965183e-01,4.85912549878248390e-01,5.74751213655669904e-02,8.24287871107274306e-02,3.96568603587887480e+00,3.28147878231632433e+01,3.28147878231632433e+01,0.00000000000000000e+00,1,0,0
97,5.17598953494607383e-02,1.04101350629431197e-01,6.22028351559964429e-02,9.78599559708494271e-02,4.55712478159256806e-01,9.20184317668839640e+01,1.24347169136965183e-01,4.85912549878248390e-01,5.74751213655669904e-02,8.24287871107274306e-02,3.96568603587887480e+00,3.28147878231632433e+01,3.28147878231632433e+01,0.00000000000000000e+00,0,0,0
98,5.17598953494607383e-02,1.04101350629431197e-01,6.22028351559964429e-02,9.78599559708494271e-02,4.55712478159256806e-01,9.20184317668839640e+01,1.24347169136965183e-01,4.85912549878248390e-01,5.74751213655669904e-02,8.24287871107274306e-02,3.96568603587887480e+00,3.28147878231632433e+01,3.28147878231632433e+01,0.00000000000000000e+00,0,0,0
99,5.17598953494607383e-02,1.04101350629431197e-01,6.22028351559964429e-02,9.78599559708494271e-02,4.55712478159256806e-01,9.20184317668839640e+01,1.24347169136965183e-01,4.85912549878248390e-01,5.74751213655669904e-02,8.24287871107274306e-02,3.96568603587887480e+00,3.28147878231632433e+01,3.28147878231632433e+01,0.00000000000000000e+00,0,0,0
100,5.22318977722451838e-02,1.04017034925061938e-01,6.22028351559964152e-02,9.77005680477176369e-02,4.55712478159256806e-01,9.20184317668839640e+01,1.24347169136965183e-01,4.85912549878248390e-01,5.85438061542154220e-02,8.30693674852447383e-02,3.96568603587887480e+00,3.28147878231632433e+01,3.28147878231632433e+01,0.00000000000000000e+00,1,1,1
101,5.22318977722451838e-02,1.04017034925061938e-01,6.22028351559964152e-02,9.77005680477176369e-02,4.55712478159256806e-01,9.20184317668839640e+01,1.24347169136965183e-01,4.85912549878248390e-01,5.85438061542154220e-02,8.30693674852447383e-02,3.96568603587887480e+00,3.28147878231632433e+01,3.28147878231632433e+01,0.00000000000000000e+00,0,0,0
102,5.27064896812740671e-02,1.03933144657826715e-01,6.22028351559964082e-02,9.75418440013870042e-02,4.55712478159256806e-01,9.20184317668839640e+01,1.24347169136965183e-01,4.85912549878248390e-01,5.96169486348963398e-02,8.37050721510916862e-02,3.96568603587887480e+00,3.28147878231632433e+01,3.28147878231632433e+01,0.00000000000000000e+00,1,0,0
103,5.27064896812740671e-02,1.03933144657826715e-01,6.22028351559964082e-02,9.75418440013870042e-02,4.55712478159256806e-01,9.20184317668839640e+01,1.24347169136965183e-01,4.85912549878248390e-01,5.96169486348963398e-02,8.37050721510916862e-02,3.96568603587887480e+00,3.28147878231632433e+01,3.28147878231632433e+01,0.00000000000000000e+00,0,0,0
104,5.27064896812740671e-02,1.03933144657826715e-01,6.22028351559964082e-02,9.75418440013870042e-02,4.55712478159256806e-01,9.20184317668839640e+01,1.24347169136965183e-01,4.85912549878248390e-01,5.96169486348963398e-02,8.37050721510916862e-02,3.96568603587887480e+00,3.28147878231632433e+01,3.28147878231632433e+01,0.00000000000000000e+00,0,0,0
105,5.31835961983058228e-02,1.03849470921183074e-01,6.22028351559964152e-02,9.73837742852718680e-02,4.55712478159256806e-01,9.20184317668839640e+01,1.24347169136965183e-01,4.85912549878248390e-01,6.06944090175444081e-02,8.43359391686835380e-02,3.96568603587887480e+00,3.28147878231632433e+01,3.28147878231632433e+01,0.00000000000000000e+00,1,1,0
106,5.31835961983058228e-02,1.03849470921183074e-01,6.22028351559964152e-02,9.73837742852718680e-02,4.55712478159256806e-01,9.20184317668839640e+01,1.24347169136965183e-01,4.85912549878248390e-01,6.06944090175444081e-02,8.43359391686835380e-02,3.96568603587887480e+00,3.28147878231632433e+01,3.28147878231632433e+01,0.00000000000000000e+00,0,0,0
107,5.36630917026794732e-02,1.03766328376978467e-01,6.22028351559964152e-02,9.72262085882151794e-02,4.55712478159256806e-01,9.20184317668839640e+01,1.24347169136965183e-01,4.85912549878248390e-01,6.17760554567143086e-02,8.49620062928093667e-02,3.96568603587887480e+00,3.28147878231632433e+01,3.28147878231632433e+01,0.00000000000000000e+00,1,0,0
108,5.36630917026794732e-02,1.03766328376978467e-01,6.22028351559964152e-02,9.72262085882151794e-02,4.55712478159256806e-01,9.20184317668839640e+01,1.24347169136965183e-01,4.85912549878248390e-01,6.17760554567143086e-02,8.49620062928093667e-02,3.96568603587887480e+00,3.28147878231632433e+01,3.28147878231632433e+01,0.00000000000000000e+00,0,0,0
109,5.36630917026794732e-02,1.03766328376978467e-01,6.22028351559964152e-02,9.72262085882151794e-02,4.55712478159256806e-01,9.20184317668839640e+01,1.24347169136965183e-01,4.85912549878248390e-01,6.17760554567143086e-02,8.49620062928093667e-02,3.96568603587887480e+00,3.28147878231632433e+01,3.28147878231632433e+01,0.00000000000000000e+00,0,0,0
110,5.41449152219026786e-02,1.03683493550302083e-01,6.22028351559963943e-02,9.70691690797388790e-02,4.55712478159256806e-01,9.20184317668839640e+01,1.24347169136965183e-01,4.85912549878248390e-01,6.28617506975935048e-02,8.55833109752399679e-02,3.96568603587887480e+00,3.28147878231632433e+01,3.28147878231632433e+01,0.00000000000000000e+00,1,1,1
111,5.46290422130972370e-02,1.03600985665093473e-01,6.22028351559964152e-02,9.69127748749346596e-02,4.55712478159256806e-01,9.20184317668839640e+01,1.24347169136965183e-01,4.85912549878248390e-01,6.39513552874672736e-02,8.61998903673624195e-02,3.96568603587887480e+00,3.28147878231632433e+01,3.28147878231632433e+01,0.00000000000000000e+00,1,0,0
112,5.51153463381839973e-02,1.03518736975155456e-01,6.22028351559964221e-02,9.67568801573594206e-02,4.55712478159256806e-01,9.20184317668839640e+01,1.24347169136965183e-01,4.85912549878248390e-01,6.50447318423374166e-02,8.68117813227351487e-02,3.96568603587887480e+00,3.28147878231632433e+01,3.28147878231632433e+01,0.00000000000000000e+00,1,0,0
113,5.51153463381839973e-02,1.03518736975155456e-01,6.22028351559964221e-02,9.67568801573594206e-02,4.55712478159256806e-01,9.20184317668839640e+01,1.24347169136965183e-01,4.85912549878248390e-01,6.50447318423374166e-02,8.68117813227351487e-02,3.96568603587887480e+00,3.28147878231632433e+01,3.28147878231632433e+01,0.00000000000000000e+00,0,0,0
114,5.51153463381839973e-02,1.03518736975155456e-01,6.22028351559964221e-02,9.67568801573594206e-02,4.55712478159256806e-01,9.20184317668839640e+01,1.24347169136965183e-01,4.85912549878248390e-01,6.50447318423374166e-02,8.68117813227351487e-02,3.96568603587887480e+00,3.28147878231632433e+01,3.28147878231632433e+01,0.00000000000000000e+00,0,0,0
115,5.55815094917795766e-02,1.03440580680141572e-01,6.22028351559964152e-02,9.66086560785279075e-02,4.55712478159256806e-01,9.20184317668839640e+01,1.24347169136965183e-01,4.85912549878248390e-01,6.60917038634738774e-02,8.73914597038194518e-02,3.96568603587887480e+00,3.28147878231632433e+01,3.28147878231632433e+01,0.00000000000000000e+00,1,1,0
116,5.55815094917795766e-02,1.03440580680141572e-01,6.22028351559964152e-02,9.66086560785279075e-02,4.55712478159256806e-01,9.20184317668839640e+01,1.24347169136965183e-01,4.85912549878248390e-01,6.60917038634738774e-02,8.73914597038194518e-02,3.96568603587887480e+00,3.28147878231632433e+01,3.28147878231632433e+01,0.00000000000000000e+00,0,0,0
117,5.55815094917795766e-02,1.03440580680141572e-01,6.22028351559964152e-02,9.66086560785279075e-02,4.55712478159256806e-01,9.20184317668839640e+01,1.24347169136965183e-01,4.85912549878248390e-01,6.60917038634738774e-02,8.73914597038194518e-02,3.96568603587887480e+00,3.28147878231632433e+01,3.28147878231632433e+01,0.00000000000000000e+00,0,0,0
118,5.60495190843030983e-02,1.03362612419611852e-01,6.22028351559964152e-02,9.64608463157678314e-02,4.55712478159256806e-01,9.20184317668839640e+01,1.24347169136965183e-01,4.85912549878248390e-01,6.71418732779013455e-02,8.79669318862619232e-02,3.96568603587887480e+00,3.28147878231632433e+01,3.28147878231632433e+01,0.00000000000000000e+00,1,0,0
119,5.60495190843030983e-02,1.03362612419611852e-01,6.22028351559964152e-02,9.64608463157678314e-02,4.55712478159256806e-01,9.20184317668839640e+01,1.24347169136965183e-01,4.85912549878248390e-01,6.71418732779013455e-02,8.79669318862619232e-02,3.96568603587887480e+00,3.28147878231632433e+01,3.28147878231632433e+01,0.00000000000000000e+00,0,0,0
120,5.65193536870935084e-02,1.03284937863371062e-01,6.22028351559964013e-02,9.63135453073468983e-02,4.55712478159256806e-01,9.20184317668839640e+01,1.24347169136965183e-01,4.85912549878248390e-01,6.81951259326174369e-02,8.85382291666159116e-02,3.96568603587887480e+00,3.28147878231632433e+01,3.28147878231632433e+01,0.00000000000000000e+00,1,1,1
121,5.65193536870935084e-02,1.03284937863371062e-01,6.22028351559964013e-02,9.63135453073468983e-02,4.55712478159256806e-01,9.20184317668839640e+01,1.24347169136965183e-01,4.85912549878248390e-01,6.81951259326174369e-02,8.85382291666159116e-02,3.96568603587887480e+00,3.28147878231632433e+01,3.28147878231632433e+01,0.00000000000000000e+00,0,0,0
122,5.65193536870935084e-02,1.03284937863371062e-01,6.22028351559964013e-02,9.63135453073468983e-02,4.55712478159256806e-01,9.20184317668839640e+01,1.24347169136965183e-01,4.85912549878248390e-01,6.81951259326174369e-02,8.85382291666159116e-02,3.96568603587887480e+00,3.28147878231632433e+01,3.28147878231632433e+01,0.00000000000000000e+00,0,0,0
123,5.65193536870935084e-02,1.03284937863371062e-01,6.22028351559964013e-02,9.63135453073468983e-02,4.55712478159256806e-01,9.20184317668839640e+01,1.24347169136965183e-01,4.85912549878248390e-01,6.81951259326174369e-02,8.85382291666159116e-02,3.96568603587887480e+00,3.28147878231632433e+01,3.28147878231632433e+01,0.00000000000000000e+00,0,0,0
124,5.65193536870935084e-02,1.03284937863371062e-01,6.22028351559964013e-02,9.63135453073468983e-02,4.55712478159256806e-01,9.20184317668839640e+01,1.24347169136965183e-01,4.85912549878248390e-01,6.81951259326174369e-02,8.85382291666159116e-02,3.96568603587887480e+00,3.28147878231632433e+01,3.28147878231632433e+01,0.00000000000000000e+00,0,0,0
125,5.69909258527761045e-02,1.03207520640144643e-01,6.22028351559964082e-02,9.61666831745510292e-02,4.55712478159256806e-01,9.20184317668839640e+01,1.24347169136965183e-01,4.85912549878248390e-01,6.92513424914861786e-02,8.91053825471166405e-02,3.96568603587887480e+00,3.28147878231632433e+01,3.28147878231632433e+01,0.00000000000000000e+00,1,1,0
126,5.69909258527761045e-02,1.03207520640144643e-01,6.22028351559964082e-02,9.61666831745510292e-02,4.55712478159256806e-01,9.20184317668839640e+01,1.24347169136965183e-01,4.85912549878248390e-01,6.92513424914861786e-02,8.91053825471166405e-02,3.96568603587887480e+00,3.28147878231632433e+01,3.28147878231632433e+01,0.00000000000000000e+00,0,0,0
127,5.69909258527761045e-02,1.03207520640144643e-01,6.22028351559964082e-02,9.61666831745510292e-02,4.55712478159256806e-01,9.20184317668839640e+01,1.24347169136965183e-01,4.85912549878248390e-01,6.92513424914861786e-02,8.91053825471166405e-02,3.96568603587887480e+00,3.28147878231632433e+01,3.28147878231632433e+01,0.00000000000000000e+00,0,0,0
128,5.74641801994047394e-02,1.03130271132698084e-01,6.22028351559964013e-02,9.60202645704302110e-02,4.55712478159256806e-01,9.20184317668839640e+01,1.24347169136965183e-01,4.85912549878248390e-01,7.03104101632196915e-02,8.96684227039601378e-02,3.96568603587887480e+00,3.28147878231632433e+01,3.28147878231632433e+01,0.00000000000000000e+00,1,0,0
129,5.74641801994047394e-02,1.03130271132698084e-01,6.22028351559964013e-02,9.60202645704302110e-02,4.55712478159256806e-01,9.20184317668839640e+01,1.24347169136965183e-01,4.85912549878248390e-01,7.03104101632196915e-02,8.96684227039601378e-02,3.96568603587887480e+00,3.28147878231632433e+01,3.28147878231632433e+01,0.00000000000000000e+00,0,0,0
130,5.74641801994047394e-02,1.03130271132698084e-01,6.22028351559964013e-02,9.60202645704302110e-02,4.55712478159256806e-01,9.20184317668839640e+01,1.24347169136965183e-01,4.85912549878248390e-01,7.03104101632196915e-02,8.96684227039601378e-02,3.96568603587887480e+00,3.28147878231632433e+01,3.28147878231632433e+01,0.00000000000000000e+00,0,1,1
131,5.79390478944834253e-02,1.03053188891754813e-01,6.22028351559964221e-02,9.58742533304723088e-02,4.55712478159256806e-01,9.20184317668839640e+01,1.24347169136965183e-01,4.85912549878248390e-01,7.13722205793764081e-02,9.02273800794795022e-02,3.96568603587887480e+00,3.28147878231632433e+01,3.28147878231632433e+01,0.00000000000000000e+00,1,0,0
132,5.79390478944834253e-02,1.03053188891754813e-01,6.22028351559964221e-02,9.58742533304723088e-02,4.55712478159256806e-01,9.20184317668839640e+01,1.24347169136965183e-01,4.85912549878248390e-01,7.13722205793764081e-02,9.02273800794795022e-02,3.96568603587887480e+00,3.28147878231632433e+01,3.28147878231632433e+01,0.00000000000000000e+00,0,0,0
133,5.79390478944834253e-02,1.03053188891754813e-01,6.22028351559964221e-02,9.58742533304723088e-02,4.55712478159256806e-01,9.20184317668839640e+01,1.24347169136965183e-01,4.85912549878248390e-01,7.13722205793764081e-02,9.02273800794795022e-02,3.96568603587887480e+00,3.28147878231632433e+01,3.28147878231632433e+01,0.00000000000000000e+00,0,0,0
134,5.84154806692601808e-02,1.02976298695591342e-01,6.22028351559964013e-02,9.57286645075896558e-02,4.55712478159256806e-01,9.20184317668839640e+01,1.24347169136965183e-01,4.85912549878248390e-01,7.24366671020056085e-02,9.07822848844757058e-02,3.96568603587887480e+00,3.28147878231632433e+01,3.28147878231632433e+01,0.00000000000000000e+00,1,0,0
135,5.88934600391581020e-02,1.02899622699382645e-01,6.22028351559964360e-02,9.55835695665318008e-02,4.55712478159256806e-01,9.20184317668839640e+01,1.24347169136965183e-01,4.85912549878248390e-01,7.35036595911079810e-02,9.13331671001840206e-02,3.96568603587887480e+00,3.28147878231632433e+01,3.28147878231632433e+01,0.00000000000000000e+00,1,1,0
136,5.88934600391581020e-02,1.02899622699382645e-01,6.22028351559964360e-02,9.55835695665318008e-02,4.55712478159256806e-01,9.20184317668839640e+01,1.24347169136965183e-01,4.85912549878248390e-01,7.35036595911079810e-02,9.13331671001840206e-02,3.96568603587887480e+00,3.28147878231632433e+01,3.28147878231632433e+01,0.00000000000000000e+00,0,0,0
137,5.88934600391581020e-02,1.02899622699382645e-01,6.22028351559964360e-02,9.55835695665318008e-02,4.55712478159256806e-01,9.20184317668839640e+01,1.24347169136965183e-01,4.85912549878248390e-01,7.35036595911079810e-02,9.13331671001840206e-02,3.96568603587887480e+00,3.28147878231632433e+01,3.28147878231632433e+01,0.00000000000000000e+00,0,0,0
138,5.93729103043021955e-02,1.02823112909262104e-01,6.22028351559963943e-02,9.54388765949007872e-02,4.55712478159256806e-01,9.20184317668839640e+01,1.24347169136965183e-01,4.85912549878248390e-01,7.45731185429294730e-02,9.18800564801434128e-02,3.96568603587887480e+00,3.28147878231632433e+01,3.28147878231632433e+01,0.00000000000000000e+00,1,0,0
139,5.93729103043021955e-02,1.02823112909262104e-01,6.22028351559963943e-02,9.54388765949007872e-02,4.55712478159256806e-01,9.20184317668839640e+01,1.24347169136965183e-01,4.85912549878248390e-01,7.45731185429294730e-02,9.18800564801434128e-02,3.96568603587887480e+00,3.28147878231632433e+01,3.28147878231632433e+01,0.00000000000000000e+00,0,0,0
140,5.93729103043021955e-02,1.02823112909262104e-01,6.22028351559963943e-02,9.54388765949007872e-02,4.55712478159256806e-01,9.20184317668839640e+01,1.24347169136965183e-01,4.85912549878248390e-01,7.45731185429294730e-02,9.18800564801434128e-02,3.96568603587887480e+00,3.28147878231632433e+01,3.28147878231632433e+01,0.00000000000000000e+00,0,1,1
141,5.98537794940139645e-02,1.02746857439166284e-01,6.22028351559963874e-02,9.52945841673451394e-02,4.55712478159256806e-01,9.20184317668839640e+01,1.24347169136965183e-01,4.85912549878248390e-01,7.56449424986309071e-02,9.24229825521292181e-02,3.96568603587887480e+00,3.28147878231632433e+01,3.28147878231632433e+01,0.00000000000000000e+00,1,0,0
142,6.03360163048435177e-02,1.02671004199850077e-01,6.22028351559964082e-02,9.51506908679267266e-02,4.55712478159256806e-01,9.20184317668839640e+01,1.24347169136965183e-01,4.85912549878248390e-01,7.67190313162239013e-02,9.29619746200320840e-02,3.96568603587887480e+00,3.28147878231632433e+01,3.28147878231632433e+01,0.00000000000000000e+00,1,0,0
143,6.03360163048435177e-02,1.02671004199850077e-01,6.22028351559964082e-02,9.51506908679267266e-02,4.55712478159256806e-01,9.20184317668839640e+01,1.24347169136965183e-01,4.85912549878248390e-01,7.67190313162239013e-02,9.29619746200320840e-02,3.96568603587887480e+00,3.28147878231632433e+01,3.28147878231632433e+01,0.00000000000000000e+00,0,0,0
144,6.03360163048435177e-02,1.02671004199850077e-01,6.22028351559964082e-02,9.51506908679267266e-02,4.55712478159256806e-01,9.20184317668839640e+01,1.24347169136965183e-01,4.85912549878248390e-01,7.67190313162239013e-02,9.29619746200320840e-02,3.96568603587887480e+00,3.28147878231632433e+01,3.28147878231632433e+01,0.00000000000000000e+00,0,0,0
145,6.08195702457191845e-02,1.02595318810170824e-01,6.22028351559964360e-02,9.50071952876608145e-02,4.55712478159256806e-01,9.20184317668839640e+01,1.24347169136965183e-01,4.85912549878248390e-01,7.77952864628393553e-02,9.34970617657022718e-02,3.96568603587887480e+00,3.28147878231632433e+01,3.28147878231632433e+01,0.00000000000000000e+00,1,1,0
146,6.08195702457191845e-02,1.02595318810170824e-01,6.22028351559964360e-02,9.50071952876608145e-02,4.55712478159256806e-01,9.20184317668839640e+01,1.24347169136965183e-01,4.85912549878248390e-01,7.77952864628393553e-02,9.34970617657022718e-02,3.96568603587887480e+00,3.28147878231632433e+01,3.28147878231632433e+01,0.00000000000000000e+00,0,0,0
147,6.08195702457191845e-02,1.02595318810170824e-01,6.22028351559964360e-02,9.50071952876608145e-02,4.55712478159256806e-01,9.20184317668839640e+01,1.24347169136965183e-01,4.85912549878248390e-01,7.77952864628393553e-02,9.34970617657022718e-02,3.96568603587887480e+00,3.28147878231632433e+01,3.28147878231632433e+01,0.00000000000000000e+00,0,0,0
148,6.08195702457191845e-02,1.02595318810170824e-01,6.22028351559964360e-02,9.50071952876608145e-02,4.55712478159256806e-01,9.20184317668839640e+01,1.24347169136965183e-01,4.85912549878248390e-01,7.77952864628393553e-02,9.34970617657022718e-02,3.96568603587887480e+00,3.28147878231632433e+01,3.28147878231632433e+01,0.00000000000000000e+00,0,0,0
149,6.13043925043855326e-02,1.02519797859551509e-01,6.22028351559964429e-02,9.48640960494009644e-02,4.55712478159256806e-01,9.20184317668839640e+01,1.24347169136965183e-01,4.85912549878248390e-01,7.88736127288030414e-02,9.40282728508055055e-02,3.96568603587887480e+00,3.28147878231632433e+01,3.28147878231632433e+01,0.00000000000000000e+00,1,0,0
150,6.13043925043855326e-02,1.02519797859551509e-01,6.22028351559964429e-02,9.48640960494009644e-02,4.55712478159256806e-01,9.20184317668839640e+01,1.24347169136965183e-01,4.85912549878248390e-01,7.88736127288030414e-02,9.40282728508055055e-02,3.96568603587887480e+00,3.28147878231632433e+01,3.28147878231632433e+01,0.00000000000000000e+00,0,1,1
151,6.17905614923264235e-02,1.02444471534108184e-01,6.22028351559964152e-02,9.47217180947137749e-02,4.55712478159256806e-01,9.20184317668839640e+01,1.24347169136965183e-01,4.85912549878248390e-01,7.99539220665070050e-02,9.45556365186790426e-02,3.96568603587887480e+00,3.28147878231632433e+01,3.28147878231632433e+01,0.00000000000000000e+00,1,0,0
152,6.22780465721232829e-02,1.02369464544240021e-01,6.22028351559964152e-02,9.45801028448846615e-02,4.55712478159256806e-01,9.20184317668839640e+01,1.24347169136965183e-01,4.85912549878248390e-01,8.10361243247625929e-02,9.50791811961730904e-02,3.96568603587887480e+00,3.28147878231632433e+01,3.28147878231632433e+01,0.00000000000000000e+00,1,0,0
153,6.22780465721232829e-02,1.02369464544240021e-01,6.22028351559964152e-02,9.45801028448846615e-02,4.55712478159256806e-01,9.20184317668839640e+01,1.24347169136965183e-01,4.85912549878248390e-01,8.10361243247625929e-02,9.50791811961730904e-02,3.96568603587887480e+00,3.28147878231632433e+01,3.28147878231632433e+01,0.00000000000000000e+00,0,0,0
154,6.22780465721232829e-02,1.02369464544240021e-01,6.22028351559964152e-02,9.45801028448846615e-02,4.55712478159256806e-01,9.20184317668839640e+01,1.24347169136965183e-01,4.85912549878248390e-01,8.10361243247625929e-02,9.50791811961730904e-02,3.96568603587887480e+00,3.28147878231632433e+01,3.28147878231632433e+01,0.00000000000000000e+00,0,0,0
155,6.27666820397894953e-02,1.02295988401485530e-01,6.22028351559964013e-02,9.44389261934358154e-02,4.55712478159256806e-01,9.20184317668839640e+01,1.24347169136965183e-01,4.85912549878248390e-01,8.21201355544139977e-02,9.55989350953660999e-02,3.96568603587887480e+00,3.28147878231632433e+01,3.28147878231632433e+01,0.00000000000000000e+00,1,1,0
156,6.32564137051724873e-02,1.02222783872091660e-01,6.22028351559964290e-02,9.42981628555892015e-02,4.55712478159256806e-01,9.20184317668839640e+01,1.24347169136965183e-01,4.85912549878248390e-01,8.32058679356999370e-02,9.61149262154443740e-02,3.96568603587887480e+00,3.28147878231632433e+01,3.28147878231632433e+01,0.00000000000000000e+00,1,0,0
157,6.37472230189637529e-02,1.02149747833572391e-01,6.22028351559964082e-02,9.41578683114316223e-02,4.55712478159256806e-01,9.20184317668839640e+01,1.24347169136965183e-01,4.85912549878248390e-01,8.42932439752277773e-02,9.66271823444313505e-02,3.96568603587887480e+00,3.28147878231632433e+01,3.28147878231632433e+01,0.00000000000000000e+00,1,0,0
158,6.42390222444551157e-02,1.02076887384374829e-01,6.22028351559964152e-02,9.40179580268527687e-02,4.55712478159256806e-01,9.20184317668839640e+01,1.24347169136965183e-01,4.85912549878248390e-01,8.53821533598659171e-02,9.71357310609761715e-02,3.96568603587887480e+00,3.28147878231632433e+01,3.28147878231632433e+01,0.00000000000000000e+00,1,0,0
159,6.42390222444551157e-02,1.02076887384374829e-01,6.22028351559964152e-02,9.40179580268527687e-02,4.55712478159256806e-01,9.20184317668839640e+01,1.24347169136965183e-01,4.85912549878248390e-01,8.53821533598659171e-02,9.71357310609761715e-02,3.96568603587887480e+00,3.28147878231632433e+01,3.28147878231632433e+01,0.00000000000000000e+00,0,0,0
160,6.47318601063599647e-02,1.02004183935041279e-01,6.22028351559964221e-02,9.38786895441569569e-02,4.55712478159256806e-01,9.20184317668839640e+01,1.24347169136965183e-01,4.85912549878248390e-01,8.64725014077189769e-02,9.76405997360472178e-02,3.96568603587887480e+00,3.28147878231632433e+01,3.28147878231632433e+01,0.00000000000000000e+00,1,1,1
161,6.47318601063599647e-02,1.02004183935041279e-01,6.22028351559964221e-02,9.38786895441569569e-02,4.55712478159256806e-01,9.20184317668839640e+01,1.24347169136965183e-01,4.85912549878248390e-01,8.64725014077189769e-02,9.76405997360472178e-02,3.96568603587887480e+00,3.28147878231632433e+01,3.28147878231632433e+01,0.00000000000000000e+00,0,0,0
162,6.47318601063599647e-02,1.02004183935041279e-01,6.22028351559964221e-02,9.38786895441569569e-02,4.55712478159256806e-01,9.20184317668839640e+01,1.24347169136965183e-01,4.85912549878248390e-01,8.64725014077189769e-02,9.76405997360472178e-02,3.96568603587887480e+00,3.28147878231632433e+01,3.28147878231632433e+01,0.00000000000000000e+00,0,0,0
163,6.47318601063599647e-02,1.02004183935041279e-01,6.22028351559964221e-02,9.38786895441569569e-02,4.55712478159256806e-01,9.20184317668839640e+01,1.24347169136965183e-01,4.85912549878248390e-01,8.64725014077189769e-02,9.76405997360472178e-02,3.96568603587887480e+00,3.28147878231632433e+01,3.28147878231632433e+01,0.00000000000000000e+00,0,0,0
164,6.47318601063599647e-02,1.02004183935041279e-01,6.22028351559964221e-02,9.38786895441569569e-02,4.55712478159256806e-01,9.20184317668839640e+01,1.24347169136965183e-01,4.85912549878248390e-01,8.64725014077189769e-02,9.76405997360472178e-02,3.96568603587887480e+00,3.28147878231632433e+01,3.28147878231632433e+01,0.00000000000000000e+00,0,0,0
165,6.47318601063599647e-02,1.02004183935041279e-01,6.22028351559964221e-02,9.38786895441569569e-02,4.55712478159256806e-01,9.20184317668839640e+01,1.24347169136965183e-01,4.85912549878248390e-01,8.64725014077189769e-02,9.76405997360472178e-02,3.96568603587887480e+00,3.28147878231632433e+01,3.28147878231632433e+01,0.00000000000000000e+00,0,1,0
166,6.47318601063599647e-02,1.02004183935041279e-01,6.22028351559964221e-02,9.38786895441569569e-02,4.55712478159256806e-01,9.20184317668839640e+01,1.24347169136965183e-01,4.85912549878248390e-01,8.64725014077189769e-02,9.76405997360472178e-02,3.96568603587887480e+00,3.28147878231632433e+01,3.28147878231632433e+01,0.00000000000000000e+00,0,0,0
167,6.47318601063599647e-02,1.02004183935041279e-01,6.22028351559964221e-02,9.38786895441569569e-02,4.55712478159256806e-01,9.20184317668839640e+01,1.24347169136965183e-01,4.85912549878248390e-01,8.64725014077189769e-02,9.76405997360472178e-02,3.96568603587887480e+00,3.28147878231632433e+01,3.28147878231632433e+01,0.00000000000000000e+00,0,0,0
168,6.47318601063599647e-02,1.02004183935041279e-01,6.22028351559964221e-02,9.38786895441569569e-02,4.55712478159256806e-01,9.20184317668839640e+01,1.24347169136965183e-01,4.85912549878248390e-01,8.64725014077189769e-02,9.76405997360472178e-02,3.96568603587887480e+00,3.28147878231632433e+01,3.28147878231632433e+01,0.00000000000000000e+00,0,0,0
169,6.47318601063599647e-02,1.02004183935041279e-01,6.22028351559964221e-02,9.38786895441569569e-02,4.55712478159256806e-01,9.20184317668839640e+01,1.24347169136965183e-01,4.85912549878248390e-01,8.64725014077189769e-02,9.76405997360472178e-02,3.96568603587887480e+00,3.28147878231632433e+01,3.28147878231632433e+01,0.00000000000000000e+00,0,0,0
170,6.52256107577488115e-02,1.01931736351004165e-01,6.22028351559964013e-02,9.37398443205536835e-02,4.55712478159256806e-01,9.20184317668839640e+01,1.24347169136965183e-01,4.85912549878248390e-01,8.75642024596429425e-02,9.81418155347000276e-02,3.96568603587887480e+00,3.28147878231632433e+01,3.28147878231632433e+01,0.00000000000000000e+00,1,1,1
171,6.52256107577488115e-02,1.01931736351004165e-01,6.22028351559964013e-02,9.37398443205536835e-02,4.55712478159256806e-01,9.20184317668839640e+01,1.24347169136965183e-01,4.85912549878248390e-01,8.75642024596429425e-02,9.81418155347000276e-02,3.96568603587887480e+00,3.28147878231632433e+01,3.28147878231632433e+01,0.00000000000000000e+00,0,0,0
172,6.57202598982920688e-02,1.01859479097282879e-01,6.22028351559964152e-02,9.36014985659951448e-02,4.55712478159256806e-01,9.20184317668839640e+01,1.24347169136965183e-01,4.85912549878248390e-01,8.86571722584960503e-02,9.86394054177694990e-02,3.96568603587887480e+00,3.28147878231632433e+01,3.28147878231632433e+01,0.00000000000000000e+00,1,0,0
173,6.62157233533653272e-02,1.01787430755370278e-01,6.22028351559964082e-02,9.34635401834009449e-02,4.55712478159256806e-01,9.20184317668839640e+01,1.24347169136965183e-01,4.85912549878248390e-01,8.97513279293857130e-02,9.91333961435851840e-02,3.96568603587887480e+00,3.28147878231632433e+01,3.28147878231632433e+01,0.00000000000000000e+00,1,0,0
174,6.62157233533653272e-02,1.01787430755370278e-01,6.22028351559964082e-02,9.34635401834009449e-02,4.55712478159256806e-01,9.20184317668839640e+01,1.24347169136965183e-01,4.85912549878248390e-01,8.97513279293857130e-02,9.91333961435851840e-02,3.96568603587887480e+00,3.28147878231632433e+01,3.28147878231632433e+01,0.00000000000000000e+00,0,0,0
175,6.62157233533653272e-02,1.01787430755370278e-01,6.22028351559964082e-02,9.34635401834009449e-02,4.55712478159256806e-01,9.20184317668839640e+01,1.24347169136965183e-01,4.85912549878248390e-01,8.97513279293857130e-02,9.91333961435851840e-02,3.96568603587887480e+00,3.28147878231632433e+01,3.28147878231632433e+01,0.00000000000000000e+00,0,1,0
176,6.67119574571555102e-02,1.01715790904982686e-01,6.22028351559964360e-02,9.33259577611347396e-02,4.55712478159256806e-01,9.20184317668839640e+01,1.24347169136965183e-01,4.85912549878248390e-01,9.08465919432904639e-02,9.96238142696144191e-02,3.96568603587887480e+00,3.28147878231632433e+01,3.28147878231632433e+01,0.00000000000000000e+00,1,0,0
177,6.67119574571555102e-02,1.01715790904982686e-01,6.22028351559964360e-02,9.33259577611347396e-02,4.55712478159256806e-01,9.20184317668839640e+01,1.24347169136965183e-01,4.85912549878248390e-01,9.08465919432904639e-02,9.96238142696144191e-02,3.96568603587887480e+00,3.28147878231632433e+01,3.28147878231632433e+01,0.00000000000000000e+00,0,0,0
178,6.67119574571555102e-02,1.01715790904982686e-01,6.22028351559964360e-02,9.33259577611347396e-02,4.55712478159256806e-01,9.20184317668839640e+01,1.24347169136965183e-01,4.85912549878248390e-01,9.08465919432904639e-02,9.96238142696144191e-02,3.96568603587887480e+00,3.28147878231632433e+01,3.28147878231632433e+01,0.00000000000000000e+00,0,0,0
179,6.72089834088073074e-02,1.01644632939801915e-01,6.22028351559964707e-02,9.31889057481246758e-02,4.55712478159256806e-01,9.20184317668839640e+01,1.24347169136965183e-01,4.85912549878248390e-01,9.19428927965950105e-02,1.00110686154169626e-01,3.96568603587887480e+00,3.28147878231632433e+01,3.28147878231632433e+01,0.00000000000000000e+00,1,0,0
180,6.72089834088073074e-02,1.01644632939801915e-01,6.22028351559964707e-02,9.31889057481246758e-02,4.55712478159256806e-01,9.20184317668839640e+01,1.24347169136965183e-01,4.85912549878248390e-01,9.19428927965950105e-02,1.00110686154169626e-01,3.96568603587887480e+00,3.28147878231632433e+01,3.28147878231632433e+01,0.00000000000000000e+00,0,1,1
181,6.77067668816227625e-02,1.01573660287771109e-01,6.22028351559964013e-02,9.30523723369024031e-02,4.55712478159256806e-01,9.20184317668839640e+01,1.24347169136965183e-01,4.85912549878248390e-01,9.30401723702553307e-02,1.00594037958044114e-01,3.96568603587887480e+00,3.28147878231632433e+01,3.28147878231632433e+01,0.00000000000000000e+00,1,0,0
182,6.77067668816227625e-02,1.01573660287771109e-01,6.22028351559964013e-02,9.30523723369024031e-02,4.55712478159256806e-01,9.20184317668839640e+01,1.24347169136965183e-01,4.85912549878248390e-01,9.30401723702553307e-02,1.00594037958044114e-01,3.96568603587887480e+00,3.28147878231632433e+01,3.28147878231632433e+01,0.00000000000000000e+00,0,0,0
183,6.77067668816227625e-02,1.01573660287771109e-01,6.22028351559964013e-02,9.30523723369024031e-02,4.55712478159256806e-01,9.20184317668839640e+01,1.24347169136965183e-01,4.85912549878248390e-01,9.30401723702553307e-02,1.00594037958044114e-01,3.96568603587887480e+00,3.28147878231632433e+01,3.28147878231632433e+01,0.00000000000000000e+00,0,0,0
184,6.77067668816227625e-02,1.01573660287771109e-01,6.22028351559964013e-02,9.30523723369024031e-02,4.55712478159256806e-01,9.20184317668839640e+01,1.24347169136965183e-01,4.85912549878248390e-01,9.30401723702553307e-02,1.00594037958044114e-01,3.96568603587887480e+00,3.28147878231632433e+01,3.28147878231632433e+01,0.00000000000000000e+00,0,0,0
185,6.82052407825638751e-02,1.01502949698474176e-01,6.22028351559963805e-02,9.29162581190033088e-02,4.55712478159256806e-01,9.20184317668839640e+01,1.24347169136965183e-01,4.85912549878248390e-01,9.41383720708906246e-02,1.01073895646135448e-01,3.96568603587887480e+00,3.28147878231632433e+01,3.28147878231632433e+01,0.00000000000000000e+00,1,1,0
186,6.87043561209949999e-02,1.01432732185409435e-01,6.22028351559964152e-02,9.27805305041614903e-02,4.55712478159256806e-01,9.20184317668839640e+01,1.24347169136965183e-01,4.85912549878248390e-01,9.52374194765673032e-02,1.01550284989084583e-01,3.96568603587887480e+00,3.28147878231632433e+01,3.28147878231632433e+01,0.00000000000000000e+00,1,0,0
187,6.91814188318368162e-02,1.01365864794503865e-01,6.22028351559964152e-02,9.26515253729046639e-02,4.55712478159256806e-01,9.20184317668839640e+01,1.24347169136965183e-01,4.85912549878248390e-01,9.62872316450815030e-02,1.02001805219885888e-01,3.96568603587887480e+00,3.28147878231632433e+01,3.28147878231632433e+01,0.00000000000000000e+00,1,0,0
188,6.91814188318368162e-02,1.01365864794503865e-01,6.22028351559964152e-02,9.26515253729046639e-02,4.55712478159256806e-01,9.20184317668839640e+01,1.24347169136965183e-01,4.85912549878248390e-01,9.62872316450815030e-02,1.02001805219885888e-01,3.96568603587887480e+00,3.28147878231632433e+01,3.28147878231632433e+01,0.00000000000000000e+00,0,0,0
189,6.96590045835598082e-02,1.01299202418454137e-01,6.22028351559963735e-02,9.25228889965215573e-02,4.55712478159256806e-01,9.20184317668839640e+01,1.24347169136965183e-01,4.85912549878248390e-01,9.73376838111808945e-02,1.02450210657666130e-01,3.96568603587887480e+00,3.28147878231632433e+01,3.28147878231632433e+01,0.00000000000000000e+00,1,0,0
190,6.96590045835598082e-02,1.01299202418454137e-01,6.22028351559963735e-02,9.25228889965215573e-02,4.55712478159256806e-01,9.20184317668839640e+01,1.24347169136965183e-01,4.85912549878248390e-01,9.73376838111808945e-02,1.02450210657666130e-01,3.96568603587887480e+00,3.28147878231632433e+01,3.28147878231632433e+01,0.00000000000000000e+00,0,1,1
191,6.96590045835598082e-02,1.01299202418454137e-01,6.22028351559963735e-02,9.25228889965215573e-02,4.55712478159256806e-01,9.20184317668839640e+01,1.24347169136965183e-01,4.85912549878248390e-01,9.73376838111808945e-02,1.02450210657666130e-01,3.96568603587887480e+00,3.28147878231632433e+01,3.28147878231632433e+01,0.00000000000000000e+00,0,0,0
192,6.96590045835598082e-02,1.01299202418454137e-01,6.22028351559963735e-02,9.25228889965215573e-02,4.55712478159256806e-01,9.20184317668839640e+01,1.24347169136965183e-01,4.85912549878248390e-01,9.73376838111808945e-02,1.02450210657666130e-01,3.96568603587887480e+00,3.28147878231632433e+01,3.28147878231632433e+01,0.00000000000000000e+00,0,0,0
193,6.96590045835598082e-02,1.01299202418454137e-01,6.22028351559963735e-02,9.25228889965215573e-02,4.55712478159256806e-01,9.20184317668839640e+01,1.24347169136965183e-01,4.85912549878248390e-01,9.73376838111808945e-02,1.02450210657666130e-01,3.96568603587887480e+00,3.28147878231632433e+01,3.28147878231632433e+01,0.00000000000000000e+00,0,0,0
194,6.96590045835598082e-02,1.01299202418454137e-01,6.22028351559963735e-02,9.25228889965215573e-02,4.55712478159256806e-01,9.20184317668839640e+01,1.24347169136965183e-01,4.85912549878248390e-01,9.73376838111808945e-02,1.02450210657666130e-01,3.96568603587887480e+00,3.28147878231632433e+01,3.28147878231632433e+01,0.00000000000000000e+00,0,0,0
195,6.96590045835598082e-02,1.01299202418454137e-01,6.22028351559963735e-02,9.25228889965215573e-02,4.55712478159256806e-01,9.20184317668839640e+01,1.24347169136965183e-01,4.85912549878248390e-01,9.73376838111808945e-02,1.02450210657666130e-01,3.96568603587887480e+00,3.28147878231632433e+01,3.28147878231632433e+01,0.00000000000000000e+00,0,1,0
196,7.01370854613911909e-02,1.01232676910621447e-01,6.22028351559964152e-02,9.23946305676762031e-02,4.55712478159256806e-01,9.20184317668839640e+01,1.24347169136965183e-01,4.85912549878248390e-01,9.83887144889447895e-02,1.02895523228493158e-01,3.96568603587887480e+00,3.28147878231632433e+01,3.28147878231632433e+01,0.00000000000000000e+00,1,0,0
197,7.01370854613911909e-02,1.01232676910621447e-01,6.22028351559964152e-02,9.23946305676762031e-02,4.55712478159256806e-01,9.20184317668839640e+01,1.24347169136965183e-01,4.85912549878248390e-01,9.83887144889447895e-02,1.02895523228493158e-01,3.96568603587887480e+00,3.28147878231632433e+01,3.28147878231632433e+01,0.00000000000000000e+00,0,0,0
198,7.01370854613911909e-02,1.01232676910621447e-01,6.22028351559964152e-02,9.23946305676762031e-02,4.55712478159256806e-01,9.20184317668839640e+01,1.24347169136965183e-01,4.85912549878248390e-01,9.83887144889447895e-02,1.02895523228493158e-01,3.96568603587887480e+00,3.28147878231632433e+01,3.28147878231632433e+01,0.00000000000000000e+00,0,0,0
199,7.01370854613911909e-02,1.01232676910621447e-01,6.22028351559964152e-02,9.23946305676762031e-02,4.55712478159256806e-01,9.20184317668839640e+01,1.24347169136965183e-01,4.85912549878248390e-01,9.83887144889447895e-02,1.02895523228493158e-01,3.96568603587887480e+00,3.28147878231632433e+01,3.28147878231632433e+01,0.00000000000000000e+00,0,0,0
200,7.01370854613911909e-02,1.01232676910621447e-01,6.22028351559964152e-02,9.23946305676762031e-02,4.55712478159256806e-01,9.20184317668839640e+01,1.24347169136965183e-01,4.85912549878248390e-01,9.83887144889447895e-02,1.02895523228493158e-01,3.96568603587887480e+00,3.28147878231632433e+01,3.28147878231632433e+01,0.00000000000000000e+00,0,1,1
