phi,seed,Theta_NM,Theta_sum,Theta_shape,B_rms,S_pred,du_rms,du_max,U_overlap,max_overlap,valid_torus,degree_radius_corr,regime
8.19999999999999951e-01,1,1.34922109522863598e-01,7.81238594184651275e-02,1.26705125184160494e-01,5.84693807271971067e-01,1.31442948733642623e+02,1.55614975821214030e-01,5.79293130187929384e-01,5.20615475908616877e-13,1.40848082530453667e-07,1,7.97791651969986915e-01,high_sum_high_shape
8.29999999999999960e-01,1,1.29096023688472644e-01,7.90202178063948990e-02,1.25623780324956413e-01,5.77944978761472106e-01,1.16084815983786257e+02,1.56365366894359370e-01,5.06351037873678078e-01,1.70913244655376736e-08,2.67736119750061619e-05,1,7.96798373179257280e-01,high_sum_high_shape
8.39999999999999969e-01,1,1.17711664606661479e-01,7.69842835349724697e-02,1.12972730581863773e-01,5.71567107171601418e-01,1.34141486822764506e+02,1.59543086343499174e-01,5.78695665869649822e-01,1.14177070937383318e-03,6.39231430792319699e-03,1,7.93481029055284837e-01,high_sum_high_shape
8.49999999999999978e-01,1,1.16955105657169600e-01,7.27170929188134391e-02,1.18236318795481063e-01,5.31196267368919894e-01,1.10340431487315300e+02,1.47285086324336012e-01,5.08438769355712195e-01,3.81299993985880839e-02,3.59420222948365620e-02,1,8.13879107743240238e-01,high_sum_high_shape
8.59999999999999987e-01,1,1.09811632552108449e-01,7.51093394837268891e-02,1.05653489470687895e-01,5.61788609130596250e-01,1.42910502607328112e+02,1.48714307843982513e-01,6.45648845697629148e-01,6.28189704941454902e-02,4.21033691571564006e-02,1,7.99911670542753583e-01,high_sum_high_shape
8.69999999999999996e-01,1,1.04803098521200580e-01,6.66890337996716570e-02,1.07523439748351005e-01,4.82465645988520431e-01,1.13011159206068442e+02,1.30184945156859744e-01,5.69836829049022442e-01,1.62146751394369515e-01,7.18525678551173996e-02,1,8.42049831980846708e-01,high_sum_high_shape
8.80000000000000004e-01,1,1.05579044209911987e-01,6.68374014332569072e-02,1.07358583749862874e-01,4.74019604912688242e-01,7.42674050261668555e+01,1.28353766295628946e-01,3.69400859530326142e-01,3.56446205698715601e-01,1.13860180012907541e-01,1,8.37471888014210242e-01,high_sum_high_shape
8.90000000000000013e-01,1,9.65338446866399053e-02,7.03066972773365439e-02,9.71892499704234136e-02,5.00124385901545399e-01,9.37065811933065902e+01,1.32330521145643282e-01,4.71383811101299344e-01,4.96207489313397032e-01,1.09979790745507788e-01,1,8.35873664850213083e-01,high_sum_high_shape
9.00000000000000022e-01,1,9.75109534957897123e-02,7.02156920171380650e-02,9.78401848921778422e-02,5.05021092231111246e-01,9.23429666633619775e+01,1.37179157354515330e-01,4.47896006810355629e-01,8.82053720155854371e-01,1.57787431128758371e-01,1,8.38070031401942583e-01,high_sum_high_shape
9.10000000000000031e-01,1,9.39559496893293544e-02,6.00534973459529650e-02,9.25838439453920137e-02,4.41428924383339638e-01,7.74081253450682141e+01,1.19376858225766491e-01,4.20138979152911041e-01,1.22673975804070912e+00,1.82158748933508807e-01,1,8.56077320796117980e-01,high_sum_high_shape
9.20000000000000040e-01,1,8.83542742953133259e-02,5.91957378870043016e-02,8.76909120528016478e-02,4.29761763522731488e-01,1.10783093808253398e+02,1.19582010560268084e-01,5.85795572112699725e-01,1.54459029749608767e+00,1.78974267872449300e-01,1,8.67204461338978327e-01,high_sum_high_shape
8.19999999999999951e-01,2,1.43338857065995751e-01,8.86586296345312913e-02,1.33279012667212898e-01,6.56312275847254045e-01,2.76664180234656385e+02,1.76199059902134247e-01,9.92546589594623940e-01,3.13324860675353469e-13,1.24056091621582709e-07,1,7.61402426988248338e-01,high_sum_high_shape
8.29999999999999960e-01,2,1.32373595783336379e-01,7.57063615271185708e-02,1.29271100392980148e-01,5.55601248209772636e-01,1.17092109526188153e+02,1.49590781946891516e-01,5.33206194745120765e-01,6.47657349903333741e-13,1.71279143756919439e-07,1,7.96976169350861352e-01,high_sum_high_shape
8.39999999999999969e-01,2,1.15710729931745304e-01,6.64385249963383023e-02,1.15448689962670409e-01,4.80623052892109826e-01,8.20991884611934921e+01,1.35026861880479909e-01,3.94724164865051852e-01,1.04414616962769330e-06,2.10961630791484112e-04,1,8.34662839293465297e-01,high_sum_high_shape
8.49999999999999978e-01,2,1.15764109375045290e-01,7.00729211101836502e-02,1.15309208005336755e-01,5.25682234594905928e-01,1.20922621796041426e+02,1.49889215338282256e-01,5.50276599887729256e-01,2.40765079627195989e-02,2.29019766746692000e-02,1,8.15600307085967424e-01,high_sum_high_shape
8.59999999999999987e-01,2,1.13559578080744586e-01,7.35219719289110368e-02,1.13844499019329845e-01,5.36287777780822927e-01,1.05677456112844652e+02,1.45750078229015617e-01,4.90439065746148539e-01,5.97256595391888676e-02,4.08137020903529546e-02,1,7.96771601751285141e-01,high_sum_high_shape
8.69999999999999996e-01,2,1.07076982929434281e-01,7.33009618861064222e-02,1.05564855285610562e-01,5.48557765568303601e-01,1.00108974509131372e+02,1.45635449466073652e-01,4.61388269715204635e-01,1.99609412697049460e-01,7.57894753245929031e-02,1,8.15327678962484703e-01,high_sum_high_shape
8.80000000000000004e-01,2,1.01397818743526977e-01,6.90163820426273195e-02,1.03653056581122019e-01,4.99743511029901444e-01,1.03137127973526873e+02,1.39029917268195802e-01,4.98514954354615902e-01,3.38913375208378165e-01,9.04190843332486338e-02,1,8.10250144925787619e-01,high_sum_high_shape
8.90000000000000013e-01,2,1.00728832338040808e-01,6.56972324136474717e-02,1.00019402431830037e-01,4.76942372241158263e-01,8.26530617981457283e+01,1.29446668011695937e-01,4.18222786981842176e-01,5.73705642958674100e-01,1.17394778740514294e-01,1,8.28500799096569818e-01,high_sum_high_shape
9.00000000000000022e-01,2,9.62133969607801148e-02,6.43158158187835394e-02,9.87169224702881265e-02,4.73281218784025626e-01,7.35965617188507508e+01,1.31108563246044807e-01,3.52914394972292822e-01,8.24427882706496806e-01,1.35488513119457199e-01,1,8.33059126077699053e-01,high_sum_high_shape
9.10000000000000031e-01,2,1.00796604325218517e-01,6.93909179608380861e-02,1.00777082522311170e-01,4.87264442945201492e-01,9.82775389731957318e+01,1.35996254421213186e-01,4.83349018321066914e-01,1.32960391291890145e+00,1.68203756520006298e-01,1,8.39310930177548764e-01,high_sum_high_shape
9.20000000000000040e-01,2,9.14744521722667264e-02,6.09220209673462035e-02,9.02157788813413436e-02,4.37562473934101082e-01,7.94940967937184269e+01,1.21749463316185191e-01,4.25317093978751615e-01,1.56496333996604720e+00,2.46218379610720906e-01,1,8.63127355672000163e-01,high_sum_high_shape
8.19999999999999951e-01,3,1.46575506980920200e-01,9.48480801579478922e-02,1.35225425199642313e-01,6.87133295425097712e-01,1.50610944121388968e+02,1.81380435943126722e-01,5.78481849803070491e-01,4.35034413016954069e-14,4.11606158046140536e-08,1,6.97610108296978781e-01,high_sum_high_shape
8.29999999999999960e-01,3,1.35273555916396032e-01,7.55116365697118125e-02,1.30277581199847781e-01,5.46944668670106160e-01,1.11284453674153042e+02,1.55413003462899435e-01,4.86012132273991315e-01,2.96241672699904113e-13,1.05995296317829002e-07,1,7.79465958573294926e-01,high_sum_high_shape
8.39999999999999969e-01,3,1.18923095245168864e-01,7.37116462800783828e-02,1.16389856317286711e-01,5.33546158784611757e-01,9.38617851681682964e+01,1.40167351337110585e-01,4.45958989032461339e-01,1.98900001435430594e-05,8.95471618109322520e-04,1,7.97079708599595760e-01,high_sum_high_shape
8.49999999999999978e-01,3,1.10224483264721271e-01,6.56028174334508107e-02,1.11948444972040359e-01,4.96299204419015927e-01,1.25498399970633017e+02,1.35681810044839979e-01,6.09172980176017398e-01,6.60294511141662054e-03,1.54065394421789570e-02,1,8.13765074332295391e-01,high_sum_high_shape
8.59999999999999987e-01,3,1.03559928145489630e-01,6.84510818652148550e-02,1.04474109195964948e-01,4.89410750548460283e-01,1.00092113794915420e+02,1.36588074765105427e-01,4.90348598669555102e-01,4.77218745121543650e-02,3.68420561601401353e-02,1,8.18356722174452211e-01,high_sum_high_shape
8.69999999999999996e-01,3,1.01238682137507516e-01,6.94816022609354711e-02,1.01677309772339214e-01,4.95600741302268832e-01,9.15746214644372003e+01,1.35571558062222819e-01,4.48840661328984647e-01,1.52582694202794411e-01,6.62263516780106087e-02,1,8.28225135602234541e-01,high_sum_high_shape
8.80000000000000004e-01,3,1.04120272038973560e-01,5.97963250152919457e-02,1.05642333375118982e-01,4.43522590449317189e-01,8.93404550418226222e+01,1.24167412968457805e-01,4.71927747836821287e-01,3.65028672018017364e-01,1.07995648040394965e-01,1,8.03237163229532203e-01,high_sum_high_shape
8.90000000000000013e-01,3,1.02251874150605479e-01,6.47365575359204332e-02,1.01829507520789245e-01,4.70735715347314621e-01,8.87544492149683037e+01,1.32898496678228561e-01,4.41680708207803807e-01,5.85760063888387417e-01,1.09187352935321336e-01,1,8.32015910714792195e-01,high_sum_high_shape
9.00000000000000022e-01,3,8.89272162468341953e-02,6.07707393677348814e-02,8.68497678229863262e-02,4.50796563478599810e-01,8.13176298620141438e+01,1.15256756630035082e-01,4.55148050108643398e-01,7.37794617506045580e-01,1.49865060542653250e-01,1,8.54886518454688105e-01,high_sum_high_shape
9.10000000000000031e-01,3,9.06541634737134533e-02,6.37900749809339335e-02,9.03302963298508316e-02,4.68815262827345425e-01,8.39077727441471239e+01,1.25576616966864618e-01,4.38617288693890606e-01,1.20075378981991143e+00,1.64793272697610682e-01,1,8.39105500374592417e-01,high_sum_high_shape
9.20000000000000040e-01,3,8.87931334934900646e-02,5.83338825283322843e-02,9.05974837791940074e-02,4.21444484415051779e-01,6.94649565916668337e+01,1.17161629143912940e-01,3.78194410939995174e-01,1.57046657411368717e+00,2.05090052342771445e-01,1,8.75603599022673817e-01,high_sum_high_shape
8.19999999999999951e-01,4,1.51571040955661290e-01,8.71754577800382263e-02,1.43286566504375740e-01,6.33831273741329193e-01,1.20183517404382528e+02,1.71411297290363362e-01,4.71394973495658454e-01,3.35868476069747682e-13,1.16511505332539400e-07,1,7.74160950499941158e-01,high_sum_high_shape
8.29999999999999960e-01,4,1.33795042076407439e-01,8.29365117144219427e-02,1.25775944812570040e-01,6.09616692061874410e-01,1.23827408558651157e+02,1.59626521053247178e-01,5.32606742740042938e-01,6.47679682265788839e-13,1.58905966607392202e-07,1,7.51310547066451284e-01,high_sum_high_shape
8.39999999999999969e-01,4,1.17650894644174372e-01,7.22531921897089646e-02,1.16719270568526268e-01,5.12610154789082229e-01,1.13552629103511023e+02,1.45095630914088308e-01,5.30748002725267454e-01,3.34487747598736256e-07,1.16252008511619209e-04,1,8.30040124160736470e-01,high_sum_high_shape
8.49999999999999978e-01,4,1.15222585615060324e-01,7.48821717209867815e-02,1.17811465813748184e-01,5.41037759174937682e-01,1.13384899071076887e+02,1.45009326341741379e-01,5.30350722256433538e-01,1.41468379118294841e-02,2.17832787670160233e-02,1,8.05041200379711719e-01,high_sum_high_shape
8.59999999999999987e-01,4,1.11342188495801839e-01,7.29792271439359957e-02,1.11225617579450001e-01,5.18042727262452707e-01,9.45429183077385176e+01,1.36787502292386981e-01,4.61414541773143005e-01,7.01805631909721145e-02,4.47409644153804464e-02,1,8.14527086346699902e-01,high_sum_high_shape
8.69999999999999996e-01,4,1.03790138975716928e-01,6.55263704987381068e-02,1.04515130257760491e-01,4.85308308088959306e-01,9.62331115281618565e+01,1.33175091892912656e-01,4.81763562501443920e-01,1.75130595319699101e-01,8.14898988408523373e-02,1,8.53889845879610143e-01,high_sum_high_shape
8.80000000000000004e-01,4,1.00391755581752617e-01,5.85295962066234091e-02,1.00194572420427230e-01,4.36643879591620432e-01,1.17649447304378384e+02,1.22268278130412536e-01,6.08314513882986407e-01,3.43178738410229389e-01,9.20200993178288407e-02,1,8.36298776758139351e-01,high_sum_high_shape
8.90000000000000013e-01,4,9.78781666080297263e-02,6.03849080091378998e-02,9.86033749094227391e-02,4.47293433122273265e-01,7.66048436961082757e+01,1.23258740663289040e-01,4.02995898350914483e-01,5.63575960601478854e-01,1.13737975752829845e-01,1,8.51489895443242717e-01,high_sum_high_shape
9.00000000000000022e-01,4,9.99149773708715577e-02,6.03667444568758219e-02,1.00126937826428161e-01,4.51525391450875391e-01,8.11920692066175889e+01,1.26691564024037723e-01,4.18718259547834593e-01,8.76200198703576127e-01,1.49172996258042811e-01,1,8.52906892203848077e-01,high_sum_high_shape
9.10000000000000031e-01,4,1.02332188778151104e-01,7.01921033742241851e-02,9.99677236503623001e-02,5.02389071305783141e-01,9.37732866252012940e+01,1.37932818522811251e-01,4.52701124437874525e-01,1.29650933178284600e+00,1.82120269021826875e-01,1,8.08233222912596361e-01,high_sum_high_shape
9.20000000000000040e-01,4,9.15312330172341898e-02,6.42206384685031911e-02,9.02431966249534756e-02,4.75726388375148135e-01,8.74688732270894889e+01,1.27994099920079152e-01,4.50929168043095352e-01,1.53311107889950771e+00,1.67188305981822882e-01,1,8.17837095179025919e-01,high_sum_high_shape
8.19999999999999951e-01,5,1.43382801486215683e-01,8.77693657174262454e-02,1.33642985710162782e-01,6.49612511535732629e-01,1.67158367914912702e+02,1.77395529938722402e-01,6.58145764395098420e-01,5.33865443780504629e-13,1.51677037152353478e-07,1,7.68786660859148374e-01,high_sum_high_shape
8.29999999999999960e-01,5,1.30268410291165565e-01,7.98813367865708751e-02,1.22779101841572161e-01,5.95680412062847053e-01,1.09146289610884708e+02,1.54951753756727401e-01,4.76277507838956837e-01,2.75243951105045890e-08,3.43164000908835476e-05,1,7.93111118121558989e-01,high_sum_high_shape
8.39999999999999969e-01,5,1.21618312822179761e-01,7.62301773888094947e-02,1.19335140405066792e-01,5.43539937513074056e-01,9.47338968315334853e+01,1.45100573542343736e-01,4.32619716013288358e-01,5.74803358947215733e-04,3.84044200969535510e-03,1,8.03596393977433543e-01,high_sum_high_shape
8.49999999999999978e-01,5,1.07585720562994799e-01,7.22162081768105840e-02,1.01995974800889913e-01,5.32537523761663634e-01,9.40922015008902548e+01,1.38679672666299714e-01,4.52696942355063303e-01,8.25924742305180620e-03,1.97657890541225179e-02,1,8.23971047836464132e-01,high_sum_high_shape
8.59999999999999987e-01,5,1.07421198107629498e-01,6.43431621406964360e-02,1.09463180494632675e-01,4.77528940521849576e-01,8.68524301764831108e+01,1.29999897081163773e-01,4.40974621282583190e-01,6.01101898496645068e-02,4.31193662066144956e-02,1,8.38589102489344707e-01,high_sum_high_shape
8.69999999999999996e-01,5,9.71149097987350357e-02,6.01737644468002195e-02,9.95268002281590597e-02,4.52594687517337169e-01,8.78146319611520880e+01,1.23586045953114704e-01,4.66339306708847989e-01,1.22597211504982068e-01,5.46773420971744528e-02,1,8.46014771367839202e-01,high_sum_high_shape
8.80000000000000004e-01,5,1.03224456908245443e-01,6.45811756849940244e-02,1.05538979200706234e-01,4.61758856275230500e-01,1.00376845995869274e+02,1.31088972168522555e-01,5.08624233749218280e-01,3.64608575248326350e-01,1.09367591273613396e-01,1,8.55622212695676398e-01,high_sum_high_shape
8.90000000000000013e-01,5,9.26721856178438497e-02,6.32251196407844773e-02,9.19676974971823935e-02,4.60312805775884515e-01,9.15036811981527762e+01,1.28331762675639449e-01,4.71443036212809363e-01,5.25141082575077300e-01,1.17268961872576849e-01,1,8.60404290722644016e-01,high_sum_high_shape
9.00000000000000022e-01,5,9.87912855750806562e-02,6.24664762544254876e-02,1.00793165462678219e-01,4.48475965256731834e-01,8.17141298259439282e+01,1.25837571457773689e-01,4.25165718786456814e-01,8.06476777232618791e-01,1.41429770739768479e-01,1,8.41704359668862812e-01,high_sum_high_shape
9.10000000000000031e-01,5,9.20172499745343792e-02,6.39433362829372881e-02,8.94700085443090459e-02,4.68389201105183062e-01,7.91271235194421081e+01,1.27596057130445556e-01,4.03683175925361848e-01,1.12489918692884672e+00,1.78029812665774667e-01,1,8.41648784306489151e-01,high_sum_high_shape
9.20000000000000040e-01,5,9.66480754780613543e-02,7.08299787407631332e-02,9.20126950464370541e-02,5.05714712159417989e-01,9.46504660944501950e+01,1.35351545309229576e-01,4.66512778484271473e-01,1.55393694942740734e+00,1.79522818602835255e-01,1,8.32186137969979089e-01,high_sum_high_shape
8.19999999999999951e-01,6,1.42405037741329371e-01,8.59822246251445432e-02,1.38139542432451246e-01,6.07369614851547390e-01,1.32807017522217507e+02,1.69381791392155756e-01,5.41124825879216398e-01,3.49125534087664794e-13,1.40897919109761460e-07,1,8.09830908141437877e-01,high_sum_high_shape
8.29999999999999960e-01,6,1.40857529453354696e-01,8.47141536772519910e-02,1.34997359898367392e-01,6.04275596302644602e-01,1.24183000596320255e+02,1.62338915735807443e-01,5.25035440134515641e-01,1.60537164326133046e-09,7.73543373133733780e-06,1,7.71629811099527441e-01,high_sum_high_shape
8.39999999999999969e-01,6,1.26664012513946461e-01,7.15219014609094206e-02,1.27694417766760576e-01,5.18406604029885698e-01,1.20532326601349638e+02,1.39778336905756917e-01,5.77424015758678744e-01,1.46609268791249889e-03,6.34376904322353496e-03,1,8.19119533748135953e-01,high_sum_high_shape
8.49999999999999978e-01,6,1.10491159346789103e-01,7.17031873631908817e-02,1.12869854497384667e-01,5.34051142541916102e-01,8.50966838570218300e+01,1.39185177729662435e-01,3.97759348435707816e-01,1.02779123949576223e-02,2.01578273056584045e-02,1,7.94109558376084990e-01,high_sum_high_shape
8.59999999999999987e-01,6,1.04286698928237984e-01,6.16499891974996023e-02,1.07748127730659018e-01,4.45768482774226427e-01,7.03127555872372341e+01,1.22954599532902289e-01,3.61943240865280458e-01,4.60893867508828867e-02,4.03028610595441705e-02,1,8.40616977472984916e-01,high_sum_high_shape
8.69999999999999996e-01,6,1.05827315908748984e-01,7.29752022987312232e-02,1.05723438843073114e-01,5.35073764233127913e-01,1.10381559262248089e+02,1.43887337701353535e-01,5.18855112352818892e-01,1.76952476984100299e-01,7.61701570974171460e-02,1,8.21350631854461333e-01,high_sum_high_shape
8.80000000000000004e-01,6,9.82838761364683150e-02,6.52312883381934022e-02,9.85542459512800673e-02,4.76370734880590119e-01,1.32248088712864131e+02,1.34300669671737982e-01,6.39206313982397578e-01,3.29777464623753069e-01,9.21263603161661671e-02,1,8.56464074103691297e-01,high_sum_high_shape
8.90000000000000013e-01,6,9.99709464676761250e-02,7.15785246720787999e-02,1.01153444675772766e-01,4.96371863802878899e-01,7.71395292214982220e+01,1.32063309135913826e-01,3.73881035144073781e-01,5.36754509487465614e-01,9.86156555626875875e-02,1,8.22374476962787537e-01,high_sum_high_shape
9.00000000000000022e-01,6,9.34156814330827229e-02,6.89442264798213744e-02,9.03716689084813063e-02,4.95171327254356641e-01,9.07925876861274901e+01,1.32719730894420546e-01,4.54182473795777197e-01,8.26036911261667228e-01,1.37303532929429650e-01,1,8.32470999753155749e-01,high_sum_high_shape
9.10000000000000031e-01,6,9.09077446516641796e-02,6.36781391479573494e-02,9.05207956469473718e-02,4.46829344134571649e-01,6.59870018134002549e+01,1.20689985337294983e-01,3.40696664031365171e-01,1.10812781745958011e+00,1.47202361872745158e-01,1,8.50383285132445432e-01,high_sum_high_shape
9.20000000000000040e-01,6,9.05723353808059461e-02,6.23703098603815079e-02,9.18775494558455169e-02,4.65478572958235137e-01,7.80825214667722207e+01,1.25323902396991621e-01,4.04818446909344154e-01,1.52539559645711864e+00,1.82009718910283613e-01,1,8.57588030960731329e-01,high_sum_high_shape
8.19999999999999951e-01,7,1.46682804968740310e-01,8.55147940495683129e-02,1.41535095769923430e-01,6.10816019659701559e-01,1.42857525057963699e+02,1.66499799359206530e-01,5.95100379473110563e-01,6.44080590919674163e-13,1.61571838575014226e-07,1,7.80429107477429440e-01,high_sum_high_shape
8.29999999999999960e-01,7,1.28507669189690726e-01,7.50976326738790889e-02,1.24517386920591930e-01,5.50441697739389224e-01,1.86045134848638725e+02,1.52348629564673210e-01,7.87205467473423237e-01,3.75682649602920071e-13,1.42581490614190898e-07,1,8.10020323310473134e-01,high_sum_high_shape
8.39999999999999969e-01,7,1.21643503515076926e-01,8.28023260002665046e-02,1.16944136186626621e-01,5.97850326116320274e-01,1.69897652996767988e+02,1.61929207255655849e-01,7.10752880160445799e-01,1.68271827447638643e-03,8.89260031140759466e-03,1,7.93635609602951653e-01,high_sum_high_shape
8.49999999999999978e-01,7,1.17939338476536315e-01,7.54234236379585227e-02,1.19030930377218735e-01,5.46058442529935406e-01,1.41628158133727283e+02,1.50270001791904473e-01,6.36060635617824555e-01,3.75026347967617676e-02,3.47436652526549317e-02,1,7.99336139931456136e-01,high_sum_high_shape
8.59999999999999987e-01,7,1.17156761301302481e-01,7.35558655779514764e-02,1.17101702947053909e-01,5.31510340190242792e-01,1.11164227340810911e+02,1.49207897573381071e-01,5.05937761329088631e-01,1.05507968139779335e-01,5.89481979489234753e-02,1,8.22941157308278104e-01,high_sum_high_shape
8.69999999999999996e-01,7,1.09078169513411941e-01,7.09188339114932426e-02,1.10667028551225288e-01,5.03628934578954190e-01,1.10814352726098974e+02,1.35746757105699917e-01,5.45064680757024078e-01,1.93659055364459209e-01,7.25682258184296991e-02,1,8.24149841704966746e-01,high_sum_high_shape
8.80000000000000004e-01,7,1.01427142829467562e-01,6.82514203004952469e-02,1.03586606756514363e-01,4.88824367161209250e-01,1.25395940823090399e+02,1.38823132187595233e-01,6.00555729026484797e-01,2.69767466774891329e-01,7.63707492613185934e-02,1,8.37304631644840924e-01,high_sum_high_shape
8.90000000000000013e-01,7,9.97224968807534085e-02,6.71219653849629699e-02,9.98605645996212404e-02,4.74237327599946301e-01,7.51131669857463891e+01,1.31178397663830881e-01,3.63771747140604340e-01,5.50029949736874912e-01,1.07681223317563468e-01,1,8.40407731326124674e-01,high_sum_high_shape
9.00000000000000022e-01,7,8.44863456407738272e-02,5.74453862012684474e-02,8.51018690152571394e-02,4.07698606890804838e-01,5.66956913431436433e+01,1.08383341219176907e-01,3.18783721287875133e-01,6.69803515120974691e-01,1.15879706644782310e-01,1,8.52922870962064650e-01,high_sum_high_shape
9.10000000000000031e-01,7,9.38715863425126917e-02,6.78296056972852446e-02,9.22171644584475619e-02,4.83427347952481878e-01,7.65932182316520738e+01,1.27228730656067601e-01,3.89170470385117373e-01,1.19090146549127485e+00,1.77947396873262331e-01,1,8.32365245565869549e-01,high_sum_high_shape
9.20000000000000040e-01,7,8.97818307865507204e-02,6.12525781370036881e-02,8.74833218223004666e-02,4.42696176684811371e-01,7.45621550113674516e+01,1.22376414218791599e-01,3.92425684435869837e-01,1.65758400386635207e+00,1.98147293830383209e-01,1,8.53967769119444386e-01,high_sum_high_shape
8.19999999999999951e-01,8,1.41591653638561299e-01,8.07881716083580226e-02,1.35144541973883536e-01,5.97266052705119121e-01,1.26099347567813268e+02,1.61008547060605495e-01,5.38322792359553937e-01,1.82560450106113266e-13,1.04411245871460778e-07,1,7.91825197489212096e-01,high_sum_high_shape
8.29999999999999960e-01,8,1.29855081811437539e-01,8.22516283570754181e-02,1.19850936673819131e-01,5.88088370858663279e-01,1.09468206404059075e+02,1.57277769112514371e-01,4.68844962370050355e-01,6.76113637923941185e-13,1.50384308339468475e-07,1,7.93290906532728157e-01,high_sum_high_shape
8.39999999999999969e-01,8,1.18657000104353719e-01,7.24445961487329426e-02,1.13892916265954644e-01,5.46010874569495264e-01,9.71155227585720127e+01,1.44299619349972541e-01,4.49571056003747693e-01,1.11851419919656114e-10,1.99309134973901791e-06,1,8.12754741581387830e-01,high_sum_high_shape
8.49999999999999978e-01,8,1.12748446239551270e-01,7.16779178218385771e-02,1.11482819604160580e-01,5.18774014248198356e-01,1.02430149076024094e+02,1.39496314493460810e-01,4.93604093239618902e-01,1.12285622432793004e-02,1.95215801015238277e-02,1,8.26302470698819014e-01,high_sum_high_shape
8.59999999999999987e-01,8,1.10731045100143297e-01,6.87741337271551983e-02,1.10843062341581519e-01,4.99168658899271867e-01,1.05303905941226887e+02,1.39784842314768593e-01,5.07284207105074492e-01,8.09268028593324029e-02,4.57945694501264988e-02,1,8.43590056287236822e-01,high_sum_high_shape
8.69999999999999996e-01,8,1.00478507532200723e-01,6.74453995965672987e-02,1.03690350963768815e-01,4.97078167434616969e-01,8.97549048266283336e+01,1.33477096545330354e-01,4.45974067436124610e-01,1.72111757558006173e-01,6.80648220723800712e-02,1,8.40007082799181015e-01,high_sum_high_shape
8.80000000000000004e-01,8,1.00382344061951512e-01,6.28662273182294673e-02,1.03023321205100049e-01,4.57464432234693741e-01,7.64586571840414564e+01,1.24566171902199499e-01,3.97427191603082153e-01,3.27611324226795619e-01,1.04537860174507280e-01,1,8.46157986216499514e-01,high_sum_high_shape
8.90000000000000013e-01,8,9.49138374887220082e-02,6.23411044461206210e-02,9.61357430582380212e-02,4.48621481909221798e-01,8.86034155021084757e+01,1.26301956816312899e-01,4.62140146187874246e-01,5.34590854487716594e-01,1.25640160305991344e-01,1,8.74722354022204773e-01,high_sum_high_shape
9.00000000000000022e-01,8,9.95063574893641500e-02,6.21936027386072732e-02,1.03451432276481750e-01,4.55836212529437013e-01,1.03504331737639205e+02,1.23642438838550778e-01,5.43974482693384442e-01,7.55272386793448436e-01,1.35855274248660507e-01,1,8.57454252873371736e-01,high_sum_high_shape
9.10000000000000031e-01,8,9.65241852329503242e-02,6.23419293103541564e-02,9.74142634184201744e-02,4.54924575887137306e-01,7.88377655285714241e+01,1.27438447487681683e-01,4.01805843816892605e-01,1.21048337707634124e+00,1.56150475974886405e-01,1,8.65380644114428277e-01,high_sum_high_shape
9.20000000000000040e-01,8,9.72422443965169081e-02,7.04810508244314016e-02,9.46243474392039485e-02,5.07163451233037077e-01,9.92028068227718478e+01,1.39546487396969843e-01,4.76846903690033519e-01,1.62908281394223353e+00,2.07498028286837499e-01,1,8.46544384051672871e-01,high_sum_high_shape
