cycle,block_name,Delta_Theta_sum,Delta_Theta_shape,Delta_Theta_NM,Delta_B_rms,Delta_du_rms,Delta_U_overlap,accepted
1,shape,0.00000000000000000e+00,-1.61884032544687417e-03,-9.46604369888290331e-04,0.00000000000000000e+00,0.00000000000000000e+00,1.09042973299441903e-03,1
1,ricci,-5.37335430819149695e-02,-2.75246983916659083e-03,-7.30708883597486203e-03,-3.93546378114383588e-01,-8.71181939750887424e-02,1.61394932020500947e+00,1
2,shape,0.00000000000000000e+00,-1.61884032544687417e-03,-9.46604369888290331e-04,0.00000000000000000e+00,0.00000000000000000e+00,1.09042973299441903e-03,1
2,ricci,-5.37335430819149695e-02,-2.75246983916659083e-03,-7.30708883597486203e-03,-3.93546378114383588e-01,-8.71181939750887424e-02,1.61394932020500947e+00,1
3,shape,0.00000000000000000e+00,-1.61884032544687417e-03,-9.46604369888290331e-04,0.00000000000000000e+00,0.00000000000000000e+00,1.09042973299441903e-03,1
3,ricci,-5.37335430819149695e-02,-2.75246983916659083e-03,-7.30708883597486203e-03,-3.93546378114383588e-01,-8.71181939750887424e-02,1.61394932020500947e+00,1
4,shape,0.00000000000000000e+00,-1.61884032544687417e-03,-9.46604369888290331e-04,0.00000000000000000e+00,0.00000000000000000e+00,1.09042973299441903e-03,1
4,ricci,-5.37335430819149695e-02,-2.75246983916659083e-03,-7.30708883597486203e-03,-3.93546378114383588e-01,-8.71181939750887424e-02,1.61394932020500947e+00,1
5,shape,0.00000000000000000e+00,-1.61884032544687417e-03,-9.46604369888290331e-04,0.00000000000000000e+00,0.00000000000000000e+00,1.09042973299441903e-03,1
5,ricci,-5.37335430819149695e-02,-2.75246983916659083e-03,-7.30708883597486203e-03,-3.93546378114383588e-01,-8.71181939750887424e-02,1.61394932020500947e+00,1
5,box,0.00000000000000000e+00,0.00000000000000000e+00,0.00000000000000000e+00,0.00000000000000000e+00,0.00000000000000000e+00,0.00000000000000000e+00,1
6,shape,0.00000000000000000e+00,-1.61884032544687417e-03,-9.46604369888290331e-04,0.00000000000000000e+00,0.00000000000000000e+00,1.09042973299441903e-03,1
6,ricci,-5.37335430819149695e-02,-2.75246983916659083e-03,-7.30708883597486203e-03,-3.93546378114383588e-01,-8.71181939750887424e-02,1.61394932020500947e+00,1
7,shape,0.00000000000000000e+00,-1.61884032544687417e-03,-9.46604369888290331e-04,0.00000000000000000e+00,0.00000000000000000e+00,1.09042973299441903e-03,1
7,ricci,-5.37335430819149695e-02,-2.75246983916659083e-03,-7.30708883597486203e-03,-3.93546378114383588e-01,-8.71181939750887424e-02,1.61394932020500947e+00,1
8,shape,0.00000000000000000e+00,-1.61884032544687417e-03,-9.46604369888290331e-04,0.00000000000000000e+00,0.00000000000000000e+00,1.09042973299441903e-03,1
8,ricci,-5.37335430819149695e-02,-2.75246983916659083e-03,-7.30708883597486203e-03,-3.93546378114383588e-01,-8.71181939750887424e-02,1.61394932020500947e+00,1
9,shape,0.00000000000000000e+00,-1.61884032544687417e-03,-9.46604369888290331e-04,0.00000000000000000e+00,0.00000000000000000e+00,1.09042973299441903e-03,1
9,ricci,-5.37335430819149695e-02,-2.75246983916659083e-03,-7.30708883597486203e-03,-3.93546378114383588e-01,-8.71181939750887424e-02,1.61394932020500947e+00,1
10,shape,0.00000000000000000e+00,-1.61884032544687417e-03,-9.46604369888290331e-04,0.00000000000000000e+00,0.00000000000000000e+00,1.09042973299441903e-03,1
10,ricci,-5.37335430819149695e-02,-2.75246983916659083e-03,-7.30708883597486203e-03,-3.93546378114383588e-01,-8.71181939750887424e-02,1.61394932020500947e+00,1
10,box,0.00000000000000000e+00,0.00000000000000000e+00,0.00000000000000000e+00,0.00000000000000000e+00,0.00000000000000000e+00,0.00000000000000000e+00,1
10,surgery_microquench,2.39869018410339072e-03,-5.81319007840044866e-04,-8.88525217521834998e-04,6.57775372571450939e-02,1.31386139357737436e-02,-1.98010877056061130e-01,1
11,shape,0.00000000000000000e+00,-1.61884032544687417e-03,-9.46604369888290331e-04,0.00000000000000000e+00,0.00000000000000000e+00,1.09042973299441903e-03,1
11,ricci,-5.37335430819149695e-02,-2.75246983916659083e-03,-7.30708883597486203e-03,-3.93546378114383588e-01,-8.71181939750887424e-02,1.61394932020500947e+00,1
12,shape,0.00000000000000000e+00,-1.61884032544687417e-03,-9.46604369888290331e-04,0.00000000000000000e+00,0.00000000000000000e+00,1.09042973299441903e-03,1
12,ricci,-5.37335430819149695e-02,-2.75246983916659083e-03,-7.30708883597486203e-03,-3.93546378114383588e-01,-8.71181939750887424e-02,1.61394932020500947e+00,1
13,shape,0.00000000000000000e+00,-1.61884032544687417e-03,-9.46604369888290331e-04,0.00000000000000000e+00,0.00000000000000000e+00,1.09042973299441903e-03,1
13,ricci,-5.37335430819149695e-02,-2.75246983916659083e-03,-7.30708883597486203e-03,-3.93546378114383588e-01,-8.71181939750887424e-02,1.61394932020500947e+00,1
14,shape,0.00000000000000000e+00,-1.61884032544687417e-03,-9.46604369888290331e-04,0.00000000000000000e+00,0.00000000000000000e+00,1.09042973299441903e-03,1
14,ricci,-5.37335430819149695e-02,-2.75246983916659083e-03,-7.30708883597486203e-03,-3.93546378114383588e-01,-8.71181939750887424e-02,1.61394932020500947e+00,1
15,shape,0.00000000000000000e+00,-1.61884032544687417e-03,-9.46604369888290331e-04,0.00000000000000000e+00,0.00000000000000000e+00,1.09042973299441903e-03,1
15,ricci,-5.37335430819149695e-02,-2.75246983916659083e-03,-7.30708883597486203e-03,-3.93546378114383588e-01,-8.71181939750887424e-02,1.61394932020500947e+00,1
15,box,0.00000000000000000e+00,0.00000000000000000e+00,0.00000000000000000e+00,0.00000000000000000e+00,0.00000000000000000e+00,0.00000000000000000e+00,1
16,shape,0.00000000000000000e+00,-1.61884032544687417e-03,-9.46604369888290331e-04,0.00000000000000000e+00,0.00000000000000000e+00,1.09042973299441903e-03,1
16,ricci,-5.37335430819149695e-02,-2.75246983916659083e-03,-7.30708883597486203e-03,-3.93546378114383588e-01,-8.71181939750887424e-02,1.61394932020500947e+00,1
17,shape,0.00000000000000000e+00,-1.61884032544687417e-03,-9.46604369888290331e-04,0.00000000000000000e+00,0.00000000000000000e+00,1.09042973299441903e-03,1
17,ricci,-5.37335430819149695e-02,-2.75246983916659083e-03,-7.30708883597486203e-03,-3.93546378114383588e-01,-8.71181939750887424e-02,1.61394932020500947e+00,1
18,shape,0.00000000000000000e+00,-1.61884032544687417e-03,-9.46604369888290331e-04,0.00000000000000000e+00,0.00000000000000000e+00,1.09042973299441903e-03,1
18,ricci,-5.37335430819149695e-02,-2.75246983916659083e-03,-7.30708883597486203e-03,-3.93546378114383588e-01,-8.71181939750887424e-02,1.61394932020500947e+00,1
19,shape,0.00000000000000000e+00,-1.61884032544687417e-03,-9.46604369888290331e-04,0.00000000000000000e+00,0.00000000000000000e+00,1.09042973299441903e-03,1
19,ricci,-5.37335430819149695e-02,-2.75246983916659083e-03,-7.30708883597486203e-03,-3.93546378114383588e-01,-8.71181939750887424e-02,1.61394932020500947e+00,1
20,shape,0.00000000000000000e+00,-1.61884032544687417e-03,-9.46604369888290331e-04,0.00000000000000000e+00,0.00000000000000000e+00,1.09042973299441903e-03,1
20,ricci,-5.37335430819149695e-02,-2.75246983916659083e-03,-7.30708883597486203e-03,-3.93546378114383588e-01,-8.71181939750887424e-02,1.61394932020500947e+00,1
20,box,0.00000000000000000e+00,0.00000000000000000e+00,0.00000000000000000e+00,0.00000000000000000e+00,0.00000000000000000e+00,0.00000000000000000e+00,1
20,surgery_microquench,2.39869018410339072e-03,-5.81319007840044866e-04,-8.88525217521834998e-04,6.57775372571450939e-02,1.31386139357737436e-02,-1.98010877056061130e-01,1
21,shape,0.00000000000000000e+00,-1.61884032544687417e-03,-9.46604369888290331e-04,0.00000000000000000e+00,0.00000000000000000e+00,1.09042973299441903e-03,1
21,ricci,-5.37335430819149695e-02,-2.75246983916659083e-03,-7.30708883597486203e-03,-3.93546378114383588e-01,-8.71181939750887424e-02,1.61394932020500947e+00,1
22,shape,0.00000000000000000e+00,-1.61884032544687417e-03,-9.46604369888290331e-04,0.00000000000000000e+00,0.00000000000000000e+00,1.09042973299441903e-03,1
22,ricci,-5.37335430819149695e-02,-2.75246983916659083e-03,-7.30708883597486203e-03,-3.93546378114383588e-01,-8.71181939750887424e-02,1.61394932020500947e+00,1
23,shape,0.00000000000000000e+00,-1.61884032544687417e-03,-9.46604369888290331e-04,0.00000000000000000e+00,0.00000000000000000e+00,1.09042973299441903e-03,1
23,ricci,-5.37335430819149695e-02,-2.75246983916659083e-03,-7.30708883597486203e-03,-3.93546378114383588e-01,-8.71181939750887424e-02,1.61394932020500947e+00,1
24,shape,0.00000000000000000e+00,-1.61884032544687417e-03,-9.46604369888290331e-04,0.00000000000000000e+00,0.00000000000000000e+00,1.09042973299441903e-03,1
24,ricci,-5.37335430819149695e-02,-2.75246983916659083e-03,-7.30708883597486203e-03,-3.93546378114383588e-01,-8.71181939750887424e-02,1.61394932020500947e+00,1
25,shape,0.00000000000000000e+00,-1.61884032544687417e-03,-9.46604369888290331e-04,0.00000000000000000e+00,0.00000000000000000e+00,1.09042973299441903e-03,1
25,ricci,-5.37335430819149695e-02,-2.75246983916659083e-03,-7.30708883597486203e-03,-3.93546378114383588e-01,-8.71181939750887424e-02,1.61394932020500947e+00,1
25,box,0.00000000000000000e+00,0.00000000000000000e+00,0.00000000000000000e+00,0.00000000000000000e+00,0.00000000000000000e+00,0.00000000000000000e+00,1
26,shape,0.00000000000000000e+00,-1.61884032544687417e-03,-9.46604369888290331e-04,0.00000000000000000e+00,0.00000000000000000e+00,1.09042973299441903e-03,1
26,ricci,-5.37335430819149695e-02,-2.75246983916659083e-03,-7.30708883597486203e-03,-3.93546378114383588e-01,-8.71181939750887424e-02,1.61394932020500947e+00,1
27,shape,0.00000000000000000e+00,-1.61884032544687417e-03,-9.46604369888290331e-04,0.00000000000000000e+00,0.00000000000000000e+00,1.09042973299441903e-03,1
27,ricci,-5.37335430819149695e-02,-2.75246983916659083e-03,-7.30708883597486203e-03,-3.93546378114383588e-01,-8.71181939750887424e-02,1.61394932020500947e+00,1
28,shape,0.00000000000000000e+00,-1.61884032544687417e-03,-9.46604369888290331e-04,0.00000000000000000e+00,0.00000000000000000e+00,1.09042973299441903e-03,1
28,ricci,-5.37335430819149695e-02,-2.75246983916659083e-03,-7.30708883597486203e-03,-3.93546378114383588e-01,-8.71181939750887424e-02,1.61394932020500947e+00,1
29,shape,0.00000000000000000e+00,-1.61884032544687417e-03,-9.46604369888290331e-04,0.00000000000000000e+00,0.00000000000000000e+00,1.09042973299441903e-03,1
29,ricci,-5.37335430819149695e-02,-2.75246983916659083e-03,-7.30708883597486203e-03,-3.93546378114383588e-01,-8.71181939750887424e-02,1.61394932020500947e+00,1
30,shape,0.00000000000000000e+00,-1.61884032544687417e-03,-9.46604369888290331e-04,0.00000000000000000e+00,0.00000000000000000e+00,1.09042973299441903e-03,1
30,ricci,-5.37335430819149695e-02,-2.75246983916659083e-03,-7.30708883597486203e-03,-3.93546378114383588e-01,-8.71181939750887424e-02,1.61394932020500947e+00,1
30,box,0.00000000000000000e+00,0.00000000000000000e+00,0.00000000000000000e+00,0.00000000000000000e+00,0.00000000000000000e+00,0.00000000000000000e+00,1
30,surgery_microquench,2.39869018410339072e-03,-5.81319007840044866e-04,-8.88525217521834998e-04,6.57775372571450939e-02,1.31386139357737436e-02,-1.98010877056061130e-01,1
31,shape,0.00000000000000000e+00,-1.61884032544687417e-03,-9.46604369888290331e-04,0.00000000000000000e+00,0.00000000000000000e+00,1.09042973299441903e-03,1
31,ricci,-5.37335430819149695e-02,-2.75246983916659083e-03,-7.30708883597486203e-03,-3.93546378114383588e-01,-8.71181939750887424e-02,1.61394932020500947e+00,1
32,shape,0.00000000000000000e+00,-1.61884032544687417e-03,-9.46604369888290331e-04,0.00000000000000000e+00,0.00000000000000000e+00,1.09042973299441903e-03,1
32,ricci,-5.37335430819149695e-02,-2.75246983916659083e-03,-7.30708883597486203e-03,-3.93546378114383588e-01,-8.71181939750887424e-02,1.61394932020500947e+00,1
33,shape,0.00000000000000000e+00,-1.61884032544687417e-03,-9.46604369888290331e-04,0.00000000000000000e+00,0.00000000000000000e+00,1.09042973299441903e-03,1
33,ricci,-5.37335430819149695e-02,-2.75246983916659083e-03,-7.30708883597486203e-03,-3.93546378114383588e-01,-8.71181939750887424e-02,1.61394932020500947e+00,1
34,shape,0.00000000000000000e+00,-1.61884032544687417e-03,-9.46604369888290331e-04,0.00000000000000000e+00,0.00000000000000000e+00,1.09042973299441903e-03,1
34,ricci,-5.37335430819149695e-02,-2.75246983916659083e-03,-7.30708883597486203e-03,-3.93546378114383588e-01,-8.71181939750887424e-02,1.61394932020500947e+00,1
35,shape,0.00000000000000000e+00,-1.61884032544687417e-03,-9.46604369888290331e-04,0.00000000000000000e+00,0.00000000000000000e+00,1.09042973299441903e-03,1
35,ricci,-5.37335430819149695e-02,-2.75246983916659083e-03,-7.30708883597486203e-03,-3.93546378114383588e-01,-8.71181939750887424e-02,1.61394932020500947e+00,1
35,box,0.00000000000000000e+00,0.00000000000000000e+00,0.00000000000000000e+00,0.00000000000000000e+00,0.00000000000000000e+00,0.00000000000000000e+00,1
36,shape,0.00000000000000000e+00,-1.61884032544687417e-03,-9.46604369888290331e-04,0.00000000000000000e+00,0.00000000000000000e+00,1.09042973299441903e-03,1
36,ricci,-5.37335430819149695e-02,-2.75246983916659083e-03,-7.30708883597486203e-03,-3.93546378114383588e-01,-8.71181939750887424e-02,1.61394932020500947e+00,1
37,shape,0.00000000000000000e+00,-1.61884032544687417e-03,-9.46604369888290331e-04,0.00000000000000000e+00,0.00000000000000000e+00,1.09042973299441903e-03,1
37,ricci,-5.37335430819149695e-02,-2.75246983916659083e-03,-7.30708883597486203e-03,-3.93546378114383588e-01,-8.71181939750887424e-02,1.61394932020500947e+00,1
38,shape,0.00000000000000000e+00,-1.61884032544687417e-03,-9.46604369888290331e-04,0.00000000000000000e+00,0.00000000000000000e+00,1.09042973299441903e-03,1
38,ricci,-5.37335430819149695e-02,-2.75246983916659083e-03,-7.30708883597486203e-03,-3.93546378114383588e-01,-8.71181939750887424e-02,1.61394932020500947e+00,1
39,shape,0.00000000000000000e+00,-1.61884032544687417e-03,-9.46604369888290331e-04,0.00000000000000000e+00,0.00000000000000000e+00,1.09042973299441903e-03,1
39,ricci,-5.37335430819149695e-02,-2.75246983916659083e-03,-7.30708883597486203e-03,-3.93546378114383588e-01,-8.71181939750887424e-02,1.61394932020500947e+00,1
40,shape,0.00000000000000000e+00,-1.61884032544687417e-03,-9.46604369888290331e-04,0.00000000000000000e+00,0.00000000000000000e+00,1.09042973299441903e-03,1
40,ricci,-5.37335430819149695e-02,-2.75246983916659083e-03,-7.30708883597486203e-03,-3.93546378114383588e-01,-8.71181939750887424e-02,1.61394932020500947e+00,1
40,box,0.00000000000000000e+00,0.00000000000000000e+00,0.00000000000000000e+00,0.00000000000000000e+00,0.00000000000000000e+00,0.00000000000000000e+00,1
40,surgery_microquench,2.39869018410339072e-03,-5.81319007840044866e-04,-8.88525217521834998e-04,6.57775372571450939e-02,1.31386139357737436e-02,-1.98010877056061130e-01,1
41,shape,0.00000000000000000e+00,-1.61884032544687417e-03,-9.46604369888290331e-04,0.00000000000000000e+00,0.00000000000000000e+00,1.09042973299441903e-03,1
41,ricci,-5.37335430819149695e-02,-2.75246983916659083e-03,-7.30708883597486203e-03,-3.93546378114383588e-01,-8.71181939750887424e-02,1.61394932020500947e+00,1
42,shape,0.00000000000000000e+00,-1.61884032544687417e-03,-9.46604369888290331e-04,0.00000000000000000e+00,0.00000000000000000e+00,1.09042973299441903e-03,1
42,ricci,-5.37335430819149695e-02,-2.75246983916659083e-03,-7.30708883597486203e-03,-3.93546378114383588e-01,-8.71181939750887424e-02,1.61394932020500947e+00,1
43,shape,0.00000000000000000e+00,-1.61884032544687417e-03,-9.46604369888290331e-04,0.00000000000000000e+00,0.00000000000000000e+00,1.09042973299441903e-03,1
43,ricci,-5.37335430819149695e-02,-2.75246983916659083e-03,-7.30708883597486203e-03,-3.93546378114383588e-01,-8.71181939750887424e-02,1.61394932020500947e+00,1
44,shape,0.00000000000000000e+00,-1.61884032544687417e-03,-9.46604369888290331e-04,0.00000000000000000e+00,0.00000000000000000e+00,1.09042973299441903e-03,1
44,ricci,-5.37335430819149695e-02,-2.75246983916659083e-03,-7.30708883597486203e-03,-3.93546378114383588e-01,-8.71181939750887424e-02,1.61394932020500947e+00,1
45,shape,0.00000000000000000e+00,-1.61884032544687417e-03,-9.46604369888290331e-04,0.00000000000000000e+00,0.00000000000000000e+00,1.09042973299441903e-03,1
45,ricci,-5.37335430819149695e-02,-2.75246983916659083e-03,-7.30708883597486203e-03,-3.93546378114383588e-01,-8.71181939750887424e-02,1.61394932020500947e+00,1
45,box,0.00000000000000000e+00,0.00000000000000000e+00,0.00000000000000000e+00,0.00000000000000000e+00,0.00000000000000000e+00,0.00000000000000000e+00,1
46,shape,0.00000000000000000e+00,-1.61884032544687417e-03,-9.46604369888290331e-04,0.00000000000000000e+00,0.00000000000000000e+00,1.09042973299441903e-03,1
46,ricci,-5.37335430819149695e-02,-2.75246983916659083e-03,-7.30708883597486203e-03,-3.93546378114383588e-01,-8.71181939750887424e-02,1.61394932020500947e+00,1
47,shape,0.00000000000000000e+00,-1.61884032544687417e-03,-9.46604369888290331e-04,0.00000000000000000e+00,0.00000000000000000e+00,1.09042973299441903e-03,1
47,ricci,-5.37335430819149695e-02,-2.75246983916659083e-03,-7.30708883597486203e-03,-3.93546378114383588e-01,-8.71181939750887424e-02,1.61394932020500947e+00,1
48,shape,0.00000000000000000e+00,-1.61884032544687417e-03,-9.46604369888290331e-04,0.00000000000000000e+00,0.00000000000000000e+00,1.09042973299441903e-03,1
48,ricci,-5.37335430819149695e-02,-2.75246983916659083e-03,-7.30708883597486203e-03,-3.93546378114383588e-01,-8.71181939750887424e-02,1.61394932020500947e+00,1
49,shape,0.00000000000000000e+00,-1.61884032544687417e-03,-9.46604369888290331e-04,0.00000000000000000e+00,0.00000000000000000e+00,1.09042973299441903e-03,1
49,ricci,-5.37335430819149695e-02,-2.75246983916659083e-03,-7.30708883597486203e-03,-3.93546378114383588e-01,-8.71181939750887424e-02,1.61394932020500947e+00,1
50,shape,0.00000000000000000e+00,-1.61884032544687417e-03,-9.46604369888290331e-04,0.00000000000000000e+00,0.00000000000000000e+00,1.09042973299441903e-03,1
50,ricci,-5.37335430819149695e-02,-2.75246983916659083e-03,-7.30708883597486203e-03,-3.93546378114383588e-01,-8.71181939750887424e-02,1.61394932020500947e+00,1
50,box,0.00000000000000000e+00,0.00000000000000000e+00,0.00000000000000000e+00,0.00000000000000000e+00,0.00000000000000000e+00,0.00000000000000000e+00,1
50,surgery_microquench,2.39869018410339072e-03,-5.81319007840044866e-04,-8.88525217521834998e-04,6.57775372571450939e-02,1.31386139357737436e-02,-1.98010877056061130e-01,1
51,shape,0.00000000000000000e+00,-1.61884032544687417e-03,-9.46604369888290331e-04,0.00000000000000000e+00,0.00000000000000000e+00,1.09042973299441903e-03,1
51,ricci,-5.37335430819149695e-02,-2.75246983916659083e-03,-7.30708883597486203e-03,-3.93546378114383588e-01,-8.71181939750887424e-02,1.61394932020500947e+00,1
52,shape,0.00000000000000000e+00,-1.61884032544687417e-03,-9.46604369888290331e-04,0.00000000000000000e+00,0.00000000000000000e+00,1.09042973299441903e-03,1
52,ricci,-5.37335430819149695e-02,-2.75246983916659083e-03,-7.30708883597486203e-03,-3.93546378114383588e-01,-8.71181939750887424e-02,1.61394932020500947e+00,1
53,shape,0.00000000000000000e+00,-1.61884032544687417e-03,-9.46604369888290331e-04,0.00000000000000000e+00,0.00000000000000000e+00,1.09042973299441903e-03,1
53,ricci,-5.37335430819149695e-02,-2.75246983916659083e-03,-7.30708883597486203e-03,-3.93546378114383588e-01,-8.71181939750887424e-02,1.61394932020500947e+00,1
54,shape,0.00000000000000000e+00,-1.61884032544687417e-03,-9.46604369888290331e-04,0.00000000000000000e+00,0.00000000000000000e+00,1.09042973299441903e-03,1
54,ricci,-5.37335430819149695e-02,-2.75246983916659083e-03,-7.30708883597486203e-03,-3.93546378114383588e-01,-8.71181939750887424e-02,1.61394932020500947e+00,1
55,shape,0.00000000000000000e+00,-1.61884032544687417e-03,-9.46604369888290331e-04,0.00000000000000000e+00,0.00000000000000000e+00,1.09042973299441903e-03,1
55,ricci,-5.37335430819149695e-02,-2.75246983916659083e-03,-7.30708883597486203e-03,-3.93546378114383588e-01,-8.71181939750887424e-02,1.61394932020500947e+00,1
55,box,0.00000000000000000e+00,0.00000000000000000e+00,0.00000000000000000e+00,0.00000000000000000e+00,0.00000000000000000e+00,0.00000000000000000e+00,1
56,shape,0.00000000000000000e+00,-1.61884032544687417e-03,-9.46604369888290331e-04,0.00000000000000000e+00,0.00000000000000000e+00,1.09042973299441903e-03,1
56,ricci,-5.37335430819149695e-02,-2.75246983916659083e-03,-7.30708883597486203e-03,-3.93546378114383588e-01,-8.71181939750887424e-02,1.61394932020500947e+00,1
57,shape,0.00000000000000000e+00,-1.61884032544687417e-03,-9.46604369888290331e-04,0.00000000000000000e+00,0.00000000000000000e+00,1.09042973299441903e-03,1
57,ricci,-5.37335430819149695e-02,-2.75246983916659083e-03,-7.30708883597486203e-03,-3.93546378114383588e-01,-8.71181939750887424e-02,1.61394932020500947e+00,1
58,shape,0.00000000000000000e+00,-1.61884032544687417e-03,-9.46604369888290331e-04,0.00000000000000000e+00,0.00000000000000000e+00,1.09042973299441903e-03,1
58,ricci,-5.37335430819149695e-02,-2.75246983916659083e-03,-7.30708883597486203e-03,-3.93546378114383588e-01,-8.71181939750887424e-02,1.61394932020500947e+00,1
59,shape,0.00000000000000000e+00,-1.61884032544687417e-03,-9.46604369888290331e-04,0.00000000000000000e+00,0.00000000000000000e+00,1.09042973299441903e-03,1
59,ricci,-5.37335430819149695e-02,-2.75246983916659083e-03,-7.30708883597486203e-03,-3.93546378114383588e-01,-8.71181939750887424e-02,1.61394932020500947e+00,1
60,shape,0.00000000000000000e+00,-1.61884032544687417e-03,-9.46604369888290331e-04,0.00000000000000000e+00,0.00000000000000000e+00,1.09042973299441903e-03,1
60,ricci,-5.37335430819149695e-02,-2.75246983916659083e-03,-7.30708883597486203e-03,-3.93546378114383588e-01,-8.71181939750887424e-02,1.61394932020500947e+00,1
60,box,0.00000000000000000e+00,0.00000000000000000e+00,0.00000000000000000e+00,0.00000000000000000e+00,0.00000000000000000e+00,0.00000000000000000e+00,1
60,surgery_microquench,2.39869018410339072e-03,-5.81319007840044866e-04,-8.88525217521834998e-04,6.57775372571450939e-02,1.31386139357737436e-02,-1.98010877056061130e-01,1
61,shape,0.00000000000000000e+00,-1.61884032544687417e-03,-9.46604369888290331e-04,0.00000000000000000e+00,0.00000000000000000e+00,1.09042973299441903e-03,1
61,ricci,-5.37335430819149695e-02,-2.75246983916659083e-03,-7.30708883597486203e-03,-3.93546378114383588e-01,-8.71181939750887424e-02,1.61394932020500947e+00,1
62,shape,0.00000000000000000e+00,-1.61884032544687417e-03,-9.46604369888290331e-04,0.00000000000000000e+00,0.00000000000000000e+00,1.09042973299441903e-03,1
62,ricci,-5.37335430819149695e-02,-2.75246983916659083e-03,-7.30708883597486203e-03,-3.93546378114383588e-01,-8.71181939750887424e-02,1.61394932020500947e+00,1
63,shape,0.00000000000000000e+00,-1.61884032544687417e-03,-9.46604369888290331e-04,0.00000000000000000e+00,0.00000000000000000e+00,1.09042973299441903e-03,1
63,ricci,-5.37335430819149695e-02,-2.75246983916659083e-03,-7.30708883597486203e-03,-3.93546378114383588e-01,-8.71181939750887424e-02,1.61394932020500947e+00,1
64,shape,0.00000000000000000e+00,-1.61884032544687417e-03,-9.46604369888290331e-04,0.00000000000000000e+00,0.00000000000000000e+00,1.09042973299441903e-03,1
64,ricci,-5.37335430819149695e-02,-2.75246983916659083e-03,-7.30708883597486203e-03,-3.93546378114383588e-01,-8.71181939750887424e-02,1.61394932020500947e+00,1
65,shape,0.00000000000000000e+00,-1.61884032544687417e-03,-9.46604369888290331e-04,0.00000000000000000e+00,0.00000000000000000e+00,1.09042973299441903e-03,1
65,ricci,-5.37335430819149695e-02,-2.75246983916659083e-03,-7.30708883597486203e-03,-3.93546378114383588e-01,-8.71181939750887424e-02,1.61394932020500947e+00,1
65,box,0.00000000000000000e+00,0.00000000000000000e+00,0.00000000000000000e+00,0.00000000000000000e+00,0.00000000000000000e+00,0.00000000000000000e+00,1
66,shape,0.00000000000000000e+00,-1.61884032544687417e-03,-9.46604369888290331e-04,0.00000000000000000e+00,0.00000000000000000e+00,1.09042973299441903e-03,1
66,ricci,-5.37335430819149695e-02,-2.75246983916659083e-03,-7.30708883597486203e-03,-3.93546378114383588e-01,-8.71181939750887424e-02,1.61394932020500947e+00,1
67,shape,0.00000000000000000e+00,-1.61884032544687417e-03,-9.46604369888290331e-04,0.00000000000000000e+00,0.00000000000000000e+00,1.09042973299441903e-03,1
67,ricci,-5.37335430819149695e-02,-2.75246983916659083e-03,-7.30708883597486203e-03,-3.93546378114383588e-01,-8.71181939750887424e-02,1.61394932020500947e+00,1
68,shape,0.00000000000000000e+00,-1.61884032544687417e-03,-9.46604369888290331e-04,0.00000000000000000e+00,0.00000000000000000e+00,1.09042973299441903e-03,1
68,ricci,-5.37335430819149695e-02,-2.75246983916659083e-03,-7.30708883597486203e-03,-3.93546378114383588e-01,-8.71181939750887424e-02,1.61394932020500947e+00,1
69,shape,0.00000000000000000e+00,-1.61884032544687417e-03,-9.46604369888290331e-04,0.00000000000000000e+00,0.00000000000000000e+00,1.09042973299441903e-03,1
69,ricci,-5.37335430819149695e-02,-2.75246983916659083e-03,-7.30708883597486203e-03,-3.93546378114383588e-01,-8.71181939750887424e-02,1.61394932020500947e+00,1
70,shape,0.00000000000000000e+00,-1.61884032544687417e-03,-9.46604369888290331e-04,0.00000000000000000e+00,0.00000000000000000e+00,1.09042973299441903e-03,1
70,ricci,-5.37335430819149695e-02,-2.75246983916659083e-03,-7.30708883597486203e-03,-3.93546378114383588e-01,-8.71181939750887424e-02,1.61394932020500947e+00,1
70,box,0.00000000000000000e+00,0.00000000000000000e+00,0.00000000000000000e+00,0.00000000000000000e+00,0.00000000000000000e+00,0.00000000000000000e+00,1
70,surgery_microquench,2.39869018410339072e-03,-5.81319007840044866e-04,-8.88525217521834998e-04,6.57775372571450939e-02,1.31386139357737436e-02,-1.98010877056061130e-01,1
71,shape,0.00000000000000000e+00,-1.61884032544687417e-03,-9.46604369888290331e-04,0.00000000000000000e+00,0.00000000000000000e+00,1.09042973299441903e-03,1
71,ricci,-5.37335430819149695e-02,-2.75246983916659083e-03,-7.30708883597486203e-03,-3.93546378114383588e-01,-8.71181939750887424e-02,1.61394932020500947e+00,1
72,shape,0.00000000000000000e+00,-1.61884032544687417e-03,-9.46604369888290331e-04,0.00000000000000000e+00,0.00000000000000000e+00,1.09042973299441903e-03,1
72,ricci,-5.37335430819149695e-02,-2.75246983916659083e-03,-7.30708883597486203e-03,-3.93546378114383588e-01,-8.71181939750887424e-02,1.61394932020500947e+00,1
73,shape,0.00000000000000000e+00,-1.61884032544687417e-03,-9.46604369888290331e-04,0.00000000000000000e+00,0.00000000000000000e+00,1.09042973299441903e-03,1
73,ricci,-5.37335430819149695e-02,-2.75246983916659083e-03,-7.30708883597486203e-03,-3.93546378114383588e-01,-8.71181939750887424e-02,1.61394932020500947e+00,1
74,shape,0.00000000000000000e+00,-1.61884032544687417e-03,-9.46604369888290331e-04,0.00000000000000000e+00,0.00000000000000000e+00,1.09042973299441903e-03,1
74,ricci,-5.37335430819149695e-02,-2.75246983916659083e-03,-7.30708883597486203e-03,-3.93546378114383588e-01,-8.71181939750887424e-02,1.61394932020500947e+00,1
75,shape,0.00000000000000000e+00,-1.61884032544687417e-03,-9.46604369888290331e-04,0.00000000000000000e+00,0.00000000000000000e+00,1.09042973299441903e-03,1
75,ricci,-5.37335430819149695e-02,-2.75246983916659083e-03,-7.30708883597486203e-03,-3.93546378114383588e-01,-8.71181939750887424e-02,1.61394932020500947e+00,1
75,box,0.00000000000000000e+00,0.00000000000000000e+00,0.00000000000000000e+00,0.00000000000000000e+00,0.00000000000000000e+00,0.00000000000000000e+00,1
76,shape,0.00000000000000000e+00,-1.61884032544687417e-03,-9.46604369888290331e-04,0.00000000000000000e+00,0.00000000000000000e+00,1.09042973299441903e-03,1
76,ricci,-5.37335430819149695e-02,-2.75246983916659083e-03,-7.30708883597486203e-03,-3.93546378114383588e-01,-8.71181939750887424e-02,1.61394932020500947e+00,1
77,shape,0.00000000000000000e+00,-1.61884032544687417e-03,-9.46604369888290331e-04,0.00000000000000000e+00,0.00000000000000000e+00,1.09042973299441903e-03,1
77,ricci,-5.37335430819149695e-02,-2.75246983916659083e-03,-7.30708883597486203e-03,-3.93546378114383588e-01,-8.71181939750887424e-02,1.61394932020500947e+00,1
78,shape,0.00000000000000000e+00,-1.61884032544687417e-03,-9.46604369888290331e-04,0.00000000000000000e+00,0.00000000000000000e+00,1.09042973299441903e-03,1
78,ricci,-5.37335430819149695e-02,-2.75246983916659083e-03,-7.30708883597486203e-03,-3.93546378114383588e-01,-8.71181939750887424e-02,1.61394932020500947e+00,1
79,shape,0.00000000000000000e+00,-1.61884032544687417e-03,-9.46604369888290331e-04,0.00000000000000000e+00,0.00000000000000000e+00,1.09042973299441903e-03,1
79,ricci,-5.37335430819149695e-02,-2.75246983916659083e-03,-7.30708883597486203e-03,-3.93546378114383588e-01,-8.71181939750887424e-02,1.61394932020500947e+00,1
80,shape,0.00000000000000000e+00,-1.61884032544687417e-03,-9.46604369888290331e-04,0.00000000000000000e+00,0.00000000000000000e+00,1.09042973299441903e-03,1
80,ricci,-5.37335430819149695e-02,-2.75246983916659083e-03,-7.30708883597486203e-03,-3.93546378114383588e-01,-8.71181939750887424e-02,1.61394932020500947e+00,1
80,box,0.00000000000000000e+00,0.00000000000000000e+00,0.00000000000000000e+00,0.00000000000000000e+00,0.00000000000000000e+00,0.00000000000000000e+00,1
80,surgery_microquench,2.39869018410339072e-03,-5.81319007840044866e-04,-8.88525217521834998e-04,6.57775372571450939e-02,1.31386139357737436e-02,-1.98010877056061130e-01,1
81,shape,0.00000000000000000e+00,-1.61884032544687417e-03,-9.46604369888290331e-04,0.00000000000000000e+00,0.00000000000000000e+00,1.09042973299441903e-03,1
81,ricci,-5.37335430819149695e-02,-2.75246983916659083e-03,-7.30708883597486203e-03,-3.93546378114383588e-01,-8.71181939750887424e-02,1.61394932020500947e+00,1
82,shape,0.00000000000000000e+00,-1.61884032544687417e-03,-9.46604369888290331e-04,0.00000000000000000e+00,0.00000000000000000e+00,1.09042973299441903e-03,1
82,ricci,-5.37335430819149695e-02,-2.75246983916659083e-03,-7.30708883597486203e-03,-3.93546378114383588e-01,-8.71181939750887424e-02,1.61394932020500947e+00,1
83,shape,0.00000000000000000e+00,-1.61884032544687417e-03,-9.46604369888290331e-04,0.00000000000000000e+00,0.00000000000000000e+00,1.09042973299441903e-03,1
83,ricci,-5.37335430819149695e-02,-2.75246983916659083e-03,-7.30708883597486203e-03,-3.93546378114383588e-01,-8.71181939750887424e-02,1.61394932020500947e+00,1
84,shape,0.00000000000000000e+00,-1.61884032544687417e-03,-9.46604369888290331e-04,0.00000000000000000e+00,0.00000000000000000e+00,1.09042973299441903e-03,1
84,ricci,-5.37335430819149695e-02,-2.75246983916659083e-03,-7.30708883597486203e-03,-3.93546378114383588e-01,-8.71181939750887424e-02,1.61394932020500947e+00,1
85,shape,0.00000000000000000e+00,-1.61884032544687417e-03,-9.46604369888290331e-04,0.00000000000000000e+00,0.00000000000000000e+00,1.09042973299441903e-03,1
85,ricci,-5.37335430819149695e-02,-2.75246983916659083e-03,-7.30708883597486203e-03,-3.93546378114383588e-01,-8.71181939750887424e-02,1.61394932020500947e+00,1
85,box,0.00000000000000000e+00,0.00000000000000000e+00,0.00000000000000000e+00,0.00000000000000000e+00,0.00000000000000000e+00,0.00000000000000000e+00,1
86,shape,0.00000000000000000e+00,-1.61884032544687417e-03,-9.46604369888290331e-04,0.00000000000000000e+00,0.00000000000000000e+00,1.09042973299441903e-03,1
86,ricci,-5.37335430819149695e-02,-2.75246983916659083e-03,-7.30708883597486203e-03,-3.93546378114383588e-01,-8.71181939750887424e-02,1.61394932020500947e+00,1
87,shape,0.00000000000000000e+00,-1.61884032544687417e-03,-9.46604369888290331e-04,0.00000000000000000e+00,0.00000000000000000e+00,1.09042973299441903e-03,1
87,ricci,-5.37335430819149695e-02,-2.75246983916659083e-03,-7.30708883597486203e-03,-3.93546378114383588e-01,-8.71181939750887424e-02,1.61394932020500947e+00,1
88,shape,0.00000000000000000e+00,-1.61884032544687417e-03,-9.46604369888290331e-04,0.00000000000000000e+00,0.00000000000000000e+00,1.09042973299441903e-03,1
88,ricci,-5.37335430819149695e-02,-2.75246983916659083e-03,-7.30708883597486203e-03,-3.93546378114383588e-01,-8.71181939750887424e-02,1.61394932020500947e+00,1
89,shape,0.00000000000000000e+00,-1.61884032544687417e-03,-9.46604369888290331e-04,0.00000000000000000e+00,0.00000000000000000e+00,1.09042973299441903e-03,1
89,ricci,-5.37335430819149695e-02,-2.75246983916659083e-03,-7.30708883597486203e-03,-3.93546378114383588e-01,-8.71181939750887424e-02,1.61394932020500947e+00,1
90,shape,0.00000000000000000e+00,-1.61884032544687417e-03,-9.46604369888290331e-04,0.00000000000000000e+00,0.00000000000000000e+00,1.09042973299441903e-03,1
90,ricci,-5.37335430819149695e-02,-2.75246983916659083e-03,-7.30708883597486203e-03,-3.93546378114383588e-01,-8.71181939750887424e-02,1.61394932020500947e+00,1
90,box,0.00000000000000000e+00,0.00000000000000000e+00,0.00000000000000000e+00,0.00000000000000000e+00,0.00000000000000000e+00,0.00000000000000000e+00,1
90,surgery_microquench,2.39869018410339072e-03,-5.81319007840044866e-04,-8.88525217521834998e-04,6.57775372571450939e-02,1.31386139357737436e-02,-1.98010877056061130e-01,1
91,shape,0.00000000000000000e+00,-1.61884032544687417e-03,-9.46604369888290331e-04,0.00000000000000000e+00,0.00000000000000000e+00,1.09042973299441903e-03,1
91,ricci,-5.37335430819149695e-02,-2.75246983916659083e-03,-7.30708883597486203e-03,-3.93546378114383588e-01,-8.71181939750887424e-02,1.61394932020500947e+00,1
92,shape,0.00000000000000000e+00,-1.61884032544687417e-03,-9.46604369888290331e-04,0.00000000000000000e+00,0.00000000000000000e+00,1.09042973299441903e-03,1
92,ricci,-5.37335430819149695e-02,-2.75246983916659083e-03,-7.30708883597486203e-03,-3.93546378114383588e-01,-8.71181939750887424e-02,1.61394932020500947e+00,1
93,shape,0.00000000000000000e+00,-1.61884032544687417e-03,-9.46604369888290331e-04,0.00000000000000000e+00,0.00000000000000000e+00,1.09042973299441903e-03,1
93,ricci,-5.37335430819149695e-02,-2.75246983916659083e-03,-7.30708883597486203e-03,-3.93546378114383588e-01,-8.71181939750887424e-02,1.61394932020500947e+00,1
94,shape,0.00000000000000000e+00,-1.61884032544687417e-03,-9.46604369888290331e-04,0.00000000000000000e+00,0.00000000000000000e+00,1.09042973299441903e-03,1
94,ricci,-5.37335430819149695e-02,-2.75246983916659083e-03,-7.30708883597486203e-03,-3.93546378114383588e-01,-8.71181939750887424e-02,1.61394932020500947e+00,1
95,shape,0.00000000000000000e+00,-1.61884032544687417e-03,-9.46604369888290331e-04,0.00000000000000000e+00,0.00000000000000000e+00,1.09042973299441903e-03,1
95,ricci,-5.37335430819149695e-02,-2.75246983916659083e-03,-7.30708883597486203e-03,-3.93546378114383588e-01,-8.71181939750887424e-02,1.61394932020500947e+00,1
95,box,0.00000000000000000e+00,0.00000000000000000e+00,0.00000000000000000e+00,0.00000000000000000e+00,0.00000000000000000e+00,0.00000000000000000e+00,1
96,shape,0.00000000000000000e+00,-1.61884032544687417e-03,-9.46604369888290331e-04,0.00000000000000000e+00,0.00000000000000000e+00,1.09042973299441903e-03,1
96,ricci,-5.37335430819149695e-02,-2.75246983916659083e-03,-7.30708883597486203e-03,-3.93546378114383588e-01,-8.71181939750887424e-02,1.61394932020500947e+00,1
97,shape,0.00000000000000000e+00,-1.61884032544687417e-03,-9.46604369888290331e-04,0.00000000000000000e+00,0.00000000000000000e+00,1.09042973299441903e-03,1
97,ricci,-5.37335430819149695e-02,-2.75246983916659083e-03,-7.30708883597486203e-03,-3.93546378114383588e-01,-8.71181939750887424e-02,1.61394932020500947e+00,1
98,shape,0.00000000000000000e+00,-1.61884032544687417e-03,-9.46604369888290331e-04,0.00000000000000000e+00,0.00000000000000000e+00,1.09042973299441903e-03,1
98,ricci,-5.37335430819149695e-02,-2.75246983916659083e-03,-7.30708883597486203e-03,-3.93546378114383588e-01,-8.71181939750887424e-02,1.61394932020500947e+00,1
99,shape,0.00000000000000000e+00,-1.61884032544687417e-03,-9.46604369888290331e-04,0.00000000000000000e+00,0.00000000000000000e+00,1.09042973299441903e-03,1
99,ricci,-5.37335430819149695e-02,-2.75246983916659083e-03,-7.30708883597486203e-03,-3.93546378114383588e-01,-8.71181939750887424e-02,1.61394932020500947e+00,1
100,shape,0.00000000000000000e+00,-1.61884032544687417e-03,-9.46604369888290331e-04,0.00000000000000000e+00,0.00000000000000000e+00,1.09042973299441903e-03,1
100,ricci,-5.37335430819149695e-02,-2.75246983916659083e-03,-7.30708883597486203e-03,-3.93546378114383588e-01,-8.71181939750887424e-02,1.61394932020500947e+00,1
100,box,0.00000000000000000e+00,0.00000000000000000e+00,0.00000000000000000e+00,0.00000000000000000e+00,0.00000000000000000e+00,0.00000000000000000e+00,1
100,surgery_microquench,2.39869018410339072e-03,-5.81319007840044866e-04,-8.88525217521834998e-04,6.57775372571450939e-02,1.31386139357737436e-02,-1.98010877056061130e-01,1
101,shape,0.00000000000000000e+00,-1.61884032544687417e-03,-9.46604369888290331e-04,0.00000000000000000e+00,0.00000000000000000e+00,1.09042973299441903e-03,1
101,ricci,-5.37335430819149695e-02,-2.75246983916659083e-03,-7.30708883597486203e-03,-3.93546378114383588e-01,-8.71181939750887424e-02,1.61394932020500947e+00,1
102,shape,0.00000000000000000e+00,-1.61884032544687417e-03,-9.46604369888290331e-04,0.00000000000000000e+00,0.00000000000000000e+00,1.09042973299441903e-03,1
102,ricci,-5.37335430819149695e-02,-2.75246983916659083e-03,-7.30708883597486203e-03,-3.93546378114383588e-01,-8.71181939750887424e-02,1.61394932020500947e+00,1
103,shape,0.00000000000000000e+00,-1.61884032544687417e-03,-9.46604369888290331e-04,0.00000000000000000e+00,0.00000000000000000e+00,1.09042973299441903e-03,1
103,ricci,-5.37335430819149695e-02,-2.75246983916659083e-03,-7.30708883597486203e-03,-3.93546378114383588e-01,-8.71181939750887424e-02,1.61394932020500947e+00,1
104,shape,0.00000000000000000e+00,-1.61884032544687417e-03,-9.46604369888290331e-04,0.00000000000000000e+00,0.00000000000000000e+00,1.09042973299441903e-03,1
104,ricci,-5.37335430819149695e-02,-2.75246983916659083e-03,-7.30708883597486203e-03,-3.93546378114383588e-01,-8.71181939750887424e-02,1.61394932020500947e+00,1
105,shape,0.00000000000000000e+00,-1.61884032544687417e-03,-9.46604369888290331e-04,0.00000000000000000e+00,0.00000000000000000e+00,1.09042973299441903e-03,1
105,ricci,-5.37335430819149695e-02,-2.75246983916659083e-03,-7.30708883597486203e-03,-3.93546378114383588e-01,-8.71181939750887424e-02,1.61394932020500947e+00,1
105,box,0.00000000000000000e+00,0.00000000000000000e+00,0.00000000000000000e+00,0.00000000000000000e+00,0.00000000000000000e+00,0.00000000000000000e+00,1
106,shape,0.00000000000000000e+00,-1.61884032544687417e-03,-9.46604369888290331e-04,0.00000000000000000e+00,0.00000000000000000e+00,1.09042973299441903e-03,1
106,ricci,-5.37335430819149695e-02,-2.75246983916659083e-03,-7.30708883597486203e-03,-3.93546378114383588e-01,-8.71181939750887424e-02,1.61394932020500947e+00,1
107,shape,0.00000000000000000e+00,-1.61884032544687417e-03,-9.46604369888290331e-04,0.00000000000000000e+00,0.00000000000000000e+00,1.09042973299441903e-03,1
107,ricci,-5.37335430819149695e-02,-2.75246983916659083e-03,-7.30708883597486203e-03,-3.93546378114383588e-01,-8.71181939750887424e-02,1.61394932020500947e+00,1
108,shape,0.00000000000000000e+00,-1.61884032544687417e-03,-9.46604369888290331e-04,0.00000000000000000e+00,0.00000000000000000e+00,1.09042973299441903e-03,1
108,ricci,-5.37335430819149695e-02,-2.75246983916659083e-03,-7.30708883597486203e-03,-3.93546378114383588e-01,-8.71181939750887424e-02,1.61394932020500947e+00,1
109,shape,0.00000000000000000e+00,-1.61884032544687417e-03,-9.46604369888290331e-04,0.00000000000000000e+00,0.00000000000000000e+00,1.09042973299441903e-03,1
109,ricci,-5.37335430819149695e-02,-2.75246983916659083e-03,-7.30708883597486203e-03,-3.93546378114383588e-01,-8.71181939750887424e-02,1.61394932020500947e+00,1
110,shape,0.00000000000000000e+00,-1.61884032544687417e-03,-9.46604369888290331e-04,0.00000000000000000e+00,0.00000000000000000e+00,1.09042973299441903e-03,1
110,ricci,-5.37335430819149695e-02,-2.75246983916659083e-03,-7.30708883597486203e-03,-3.93546378114383588e-01,-8.71181939750887424e-02,1.61394932020500947e+00,1
110,box,0.00000000000000000e+00,0.00000000000000000e+00,0.00000000000000000e+00,0.00000000000000000e+00,0.00000000000000000e+00,0.00000000000000000e+00,1
110,surgery_microquench,2.39869018410339072e-03,-5.81319007840044866e-04,-8.88525217521834998e-04,6.57775372571450939e-02,1.31386139357737436e-02,-1.98010877056061130e-01,1
111,shape,0.00000000000000000e+00,-1.61884032544687417e-03,-9.46604369888290331e-04,0.00000000000000000e+00,0.00000000000000000e+00,1.09042973299441903e-03,1
111,ricci,-5.37335430819149695e-02,-2.75246983916659083e-03,-7.30708883597486203e-03,-3.93546378114383588e-01,-8.71181939750887424e-02,1.61394932020500947e+00,1
112,shape,0.00000000000000000e+00,-1.61884032544687417e-03,-9.46604369888290331e-04,0.00000000000000000e+00,0.00000000000000000e+00,1.09042973299441903e-03,1
112,ricci,-5.37335430819149695e-02,-2.75246983916659083e-03,-7.30708883597486203e-03,-3.93546378114383588e-01,-8.71181939750887424e-02,1.61394932020500947e+00,1
113,shape,0.00000000000000000e+00,-1.61884032544687417e-03,-9.46604369888290331e-04,0.00000000000000000e+00,0.00000000000000000e+00,1.09042973299441903e-03,1
113,ricci,-5.37335430819149695e-02,-2.75246983916659083e-03,-7.30708883597486203e-03,-3.93546378114383588e-01,-8.71181939750887424e-02,1.61394932020500947e+00,1
114,shape,0.00000000000000000e+00,-1.61884032544687417e-03,-9.46604369888290331e-04,0.00000000000000000e+00,0.00000000000000000e+00,1.09042973299441903e-03,1
114,ricci,-5.37335430819149695e-02,-2.75246983916659083e-03,-7.30708883597486203e-03,-3.93546378114383588e-01,-8.71181939750887424e-02,1.61394932020500947e+00,1
115,shape,0.00000000000000000e+00,-1.61884032544687417e-03,-9.46604369888290331e-04,0.00000000000000000e+00,0.00000000000000000e+00,1.09042973299441903e-03,1
115,ricci,-5.37335430819149695e-02,-2.75246983916659083e-03,-7.30708883597486203e-03,-3.93546378114383588e-01,-8.71181939750887424e-02,1.61394932020500947e+00,1
115,box,0.00000000000000000e+00,0.00000000000000000e+00,0.00000000000000000e+00,0.00000000000000000e+00,0.00000000000000000e+00,0.00000000000000000e+00,1
116,shape,0.00000000000000000e+00,-1.61884032544687417e-03,-9.46604369888290331e-04,0.00000000000000000e+00,0.00000000000000000e+00,1.09042973299441903e-03,1
116,ricci,-5.37335430819149695e-02,-2.75246983916659083e-03,-7.30708883597486203e-03,-3.93546378114383588e-01,-8.71181939750887424e-02,1.61394932020500947e+00,1
117,shape,0.00000000000000000e+00,-1.61884032544687417e-03,-9.46604369888290331e-04,0.00000000000000000e+00,0.00000000000000000e+00,1.09042973299441903e-03,1
117,ricci,-5.37335430819149695e-02,-2.75246983916659083e-03,-7.30708883597486203e-03,-3.93546378114383588e-01,-8.71181939750887424e-02,1.61394932020500947e+00,1
118,shape,0.00000000000000000e+00,-1.61884032544687417e-03,-9.46604369888290331e-04,0.00000000000000000e+00,0.00000000000000000e+00,1.09042973299441903e-03,1
118,ricci,-5.37335430819149695e-02,-2.75246983916659083e-03,-7.30708883597486203e-03,-3.93546378114383588e-01,-8.71181939750887424e-02,1.61394932020500947e+00,1
119,shape,0.00000000000000000e+00,-1.61884032544687417e-03,-9.46604369888290331e-04,0.00000000000000000e+00,0.00000000000000000e+00,1.09042973299441903e-03,1
119,ricci,-5.37335430819149695e-02,-2.75246983916659083e-03,-7.30708883597486203e-03,-3.93546378114383588e-01,-8.71181939750887424e-02,1.61394932020500947e+00,1
120,shape,0.00000000000000000e+00,-1.61884032544687417e-03,-9.46604369888290331e-04,0.00000000000000000e+00,0.00000000000000000e+00,1.09042973299441903e-03,1
120,ricci,-5.37335430819149695e-02,-2.75246983916659083e-03,-7.30708883597486203e-03,-3.93546378114383588e-01,-8.71181939750887424e-02,1.61394932020500947e+00,1
120,box,0.00000000000000000e+00,0.00000000000000000e+00,0.00000000000000000e+00,0.00000000000000000e+00,0.00000000000000000e+00,0.00000000000000000e+00,1
120,surgery_microquench,2.39869018410339072e-03,-5.81319007840044866e-04,-8.88525217521834998e-04,6.57775372571450939e-02,1.31386139357737436e-02,-1.98010877056061130e-01,1
121,shape,0.00000000000000000e+00,-1.61884032544687417e-03,-9.46604369888290331e-04,0.00000000000000000e+00,0.00000000000000000e+00,1.09042973299441903e-03,1
121,ricci,-5.37335430819149695e-02,-2.75246983916659083e-03,-7.30708883597486203e-03,-3.93546378114383588e-01,-8.71181939750887424e-02,1.61394932020500947e+00,1
122,shape,0.00000000000000000e+00,-1.61884032544687417e-03,-9.46604369888290331e-04,0.00000000000000000e+00,0.00000000000000000e+00,1.09042973299441903e-03,1
122,ricci,-5.37335430819149695e-02,-2.75246983916659083e-03,-7.30708883597486203e-03,-3.93546378114383588e-01,-8.71181939750887424e-02,1.61394932020500947e+00,1
123,shape,0.00000000000000000e+00,-1.61884032544687417e-03,-9.46604369888290331e-04,0.00000000000000000e+00,0.00000000000000000e+00,1.09042973299441903e-03,1
123,ricci,-5.37335430819149695e-02,-2.75246983916659083e-03,-7.30708883597486203e-03,-3.93546378114383588e-01,-8.71181939750887424e-02,1.61394932020500947e+00,1
124,shape,0.00000000000000000e+00,-1.61884032544687417e-03,-9.46604369888290331e-04,0.00000000000000000e+00,0.00000000000000000e+00,1.09042973299441903e-03,1
124,ricci,-5.37335430819149695e-02,-2.75246983916659083e-03,-7.30708883597486203e-03,-3.93546378114383588e-01,-8.71181939750887424e-02,1.61394932020500947e+00,1
125,shape,0.00000000000000000e+00,-1.61884032544687417e-03,-9.46604369888290331e-04,0.00000000000000000e+00,0.00000000000000000e+00,1.09042973299441903e-03,1
125,ricci,-5.37335430819149695e-02,-2.75246983916659083e-03,-7.30708883597486203e-03,-3.93546378114383588e-01,-8.71181939750887424e-02,1.61394932020500947e+00,1
125,box,0.00000000000000000e+00,0.00000000000000000e+00,0.00000000000000000e+00,0.00000000000000000e+00,0.00000000000000000e+00,0.00000000000000000e+00,1
126,shape,0.00000000000000000e+00,-1.61884032544687417e-03,-9.46604369888290331e-04,0.00000000000000000e+00,0.00000000000000000e+00,1.09042973299441903e-03,1
126,ricci,-5.37335430819149695e-02,-2.75246983916659083e-03,-7.30708883597486203e-03,-3.93546378114383588e-01,-8.71181939750887424e-02,1.61394932020500947e+00,1
127,shape,0.00000000000000000e+00,-1.61884032544687417e-03,-9.46604369888290331e-04,0.00000000000000000e+00,0.00000000000000000e+00,1.09042973299441903e-03,1
127,ricci,-5.37335430819149695e-02,-2.75246983916659083e-03,-7.30708883597486203e-03,-3.93546378114383588e-01,-8.71181939750887424e-02,1.61394932020500947e+00,1
128,shape,0.00000000000000000e+00,-1.61884032544687417e-03,-9.46604369888290331e-04,0.00000000000000000e+00,0.00000000000000000e+00,1.09042973299441903e-03,1
128,ricci,-5.37335430819149695e-02,-2.75246983916659083e-03,-7.30708883597486203e-03,-3.93546378114383588e-01,-8.71181939750887424e-02,1.61394932020500947e+00,1
129,shape,0.00000000000000000e+00,-1.61884032544687417e-03,-9.46604369888290331e-04,0.00000000000000000e+00,0.00000000000000000e+00,1.09042973299441903e-03,1
129,ricci,-5.37335430819149695e-02,-2.75246983916659083e-03,-7.30708883597486203e-03,-3.93546378114383588e-01,-8.71181939750887424e-02,1.61394932020500947e+00,1
130,shape,0.00000000000000000e+00,-1.61884032544687417e-03,-9.46604369888290331e-04,0.00000000000000000e+00,0.00000000000000000e+00,1.09042973299441903e-03,1
130,ricci,-5.37335430819149695e-02,-2.75246983916659083e-03,-7.30708883597486203e-03,-3.93546378114383588e-01,-8.71181939750887424e-02,1.61394932020500947e+00,1
130,box,0.00000000000000000e+00,0.00000000000000000e+00,0.00000000000000000e+00,0.00000000000000000e+00,0.00000000000000000e+00,0.00000000000000000e+00,1
130,surgery_microquench,2.39869018410339072e-03,-5.81319007840044866e-04,-8.88525217521834998e-04,6.57775372571450939e-02,1.31386139357737436e-02,-1.98010877056061130e-01,1
131,shape,0.00000000000000000e+00,-1.61884032544687417e-03,-9.46604369888290331e-04,0.00000000000000000e+00,0.00000000000000000e+00,1.09042973299441903e-03,1
131,ricci,-5.37335430819149695e-02,-2.75246983916659083e-03,-7.30708883597486203e-03,-3.93546378114383588e-01,-8.71181939750887424e-02,1.61394932020500947e+00,1
132,shape,0.00000000000000000e+00,-1.61884032544687417e-03,-9.46604369888290331e-04,0.00000000000000000e+00,0.00000000000000000e+00,1.09042973299441903e-03,1
132,ricci,-5.37335430819149695e-02,-2.75246983916659083e-03,-7.30708883597486203e-03,-3.93546378114383588e-01,-8.71181939750887424e-02,1.61394932020500947e+00,1
133,shape,0.00000000000000000e+00,-1.61884032544687417e-03,-9.46604369888290331e-04,0.00000000000000000e+00,0.00000000000000000e+00,1.09042973299441903e-03,1
133,ricci,-5.37335430819149695e-02,-2.75246983916659083e-03,-7.30708883597486203e-03,-3.93546378114383588e-01,-8.71181939750887424e-02,1.61394932020500947e+00,1
134,shape,0.00000000000000000e+00,-1.61884032544687417e-03,-9.46604369888290331e-04,0.00000000000000000e+00,0.00000000000000000e+00,1.09042973299441903e-03,1
134,ricci,-5.37335430819149695e-02,-2.75246983916659083e-03,-7.30708883597486203e-03,-3.93546378114383588e-01,-8.71181939750887424e-02,1.61394932020500947e+00,1
135,shape,0.00000000000000000e+00,-1.61884032544687417e-03,-9.46604369888290331e-04,0.00000000000000000e+00,0.00000000000000000e+00,1.09042973299441903e-03,1
135,ricci,-5.37335430819149695e-02,-2.75246983916659083e-03,-7.30708883597486203e-03,-3.93546378114383588e-01,-8.71181939750887424e-02,1.61394932020500947e+00,1
135,box,0.00000000000000000e+00,0.00000000000000000e+00,0.00000000000000000e+00,0.00000000000000000e+00,0.00000000000000000e+00,0.00000000000000000e+00,1
136,shape,0.00000000000000000e+00,-1.61884032544687417e-03,-9.46604369888290331e-04,0.00000000000000000e+00,0.00000000000000000e+00,1.09042973299441903e-03,1
136,ricci,-5.37335430819149695e-02,-2.75246983916659083e-03,-7.30708883597486203e-03,-3.93546378114383588e-01,-8.71181939750887424e-02,1.61394932020500947e+00,1
137,shape,0.00000000000000000e+00,-1.61884032544687417e-03,-9.46604369888290331e-04,0.00000000000000000e+00,0.00000000000000000e+00,1.09042973299441903e-03,1
137,ricci,-5.37335430819149695e-02,-2.75246983916659083e-03,-7.30708883597486203e-03,-3.93546378114383588e-01,-8.71181939750887424e-02,1.61394932020500947e+00,1
138,shape,0.00000000000000000e+00,-1.61884032544687417e-03,-9.46604369888290331e-04,0.00000000000000000e+00,0.00000000000000000e+00,1.09042973299441903e-03,1
138,ricci,-5.37335430819149695e-02,-2.75246983916659083e-03,-7.30708883597486203e-03,-3.93546378114383588e-01,-8.71181939750887424e-02,1.61394932020500947e+00,1
139,shape,0.00000000000000000e+00,-1.61884032544687417e-03,-9.46604369888290331e-04,0.00000000000000000e+00,0.00000000000000000e+00,1.09042973299441903e-03,1
139,ricci,-5.37335430819149695e-02,-2.75246983916659083e-03,-7.30708883597486203e-03,-3.93546378114383588e-01,-8.71181939750887424e-02,1.61394932020500947e+00,1
140,shape,0.00000000000000000e+00,-1.61884032544687417e-03,-9.46604369888290331e-04,0.00000000000000000e+00,0.00000000000000000e+00,1.09042973299441903e-03,1
140,ricci,-5.37335430819149695e-02,-2.75246983916659083e-03,-7.30708883597486203e-03,-3.93546378114383588e-01,-8.71181939750887424e-02,1.61394932020500947e+00,1
140,box,0.00000000000000000e+00,0.00000000000000000e+00,0.00000000000000000e+00,0.00000000000000000e+00,0.00000000000000000e+00,0.00000000000000000e+00,1
140,surgery_microquench,2.39869018410339072e-03,-5.81319007840044866e-04,-8.88525217521834998e-04,6.57775372571450939e-02,1.31386139357737436e-02,-1.98010877056061130e-01,1
141,shape,0.00000000000000000e+00,-1.61884032544687417e-03,-9.46604369888290331e-04,0.00000000000000000e+00,0.00000000000000000e+00,1.09042973299441903e-03,1
141,ricci,-5.37335430819149695e-02,-2.75246983916659083e-03,-7.30708883597486203e-03,-3.93546378114383588e-01,-8.71181939750887424e-02,1.61394932020500947e+00,1
142,shape,0.00000000000000000e+00,-1.61884032544687417e-03,-9.46604369888290331e-04,0.00000000000000000e+00,0.00000000000000000e+00,1.09042973299441903e-03,1
142,ricci,-5.37335430819149695e-02,-2.75246983916659083e-03,-7.30708883597486203e-03,-3.93546378114383588e-01,-8.71181939750887424e-02,1.61394932020500947e+00,1
143,shape,0.00000000000000000e+00,-1.61884032544687417e-03,-9.46604369888290331e-04,0.00000000000000000e+00,0.00000000000000000e+00,1.09042973299441903e-03,1
143,ricci,-5.37335430819149695e-02,-2.75246983916659083e-03,-7.30708883597486203e-03,-3.93546378114383588e-01,-8.71181939750887424e-02,1.61394932020500947e+00,1
144,shape,0.00000000000000000e+00,-1.61884032544687417e-03,-9.46604369888290331e-04,0.00000000000000000e+00,0.00000000000000000e+00,1.09042973299441903e-03,1
144,ricci,-5.37335430819149695e-02,-2.75246983916659083e-03,-7.30708883597486203e-03,-3.93546378114383588e-01,-8.71181939750887424e-02,1.61394932020500947e+00,1
145,shape,0.00000000000000000e+00,-1.61884032544687417e-03,-9.46604369888290331e-04,0.00000000000000000e+00,0.00000000000000000e+00,1.09042973299441903e-03,1
145,ricci,-5.37335430819149695e-02,-2.75246983916659083e-03,-7.30708883597486203e-03,-3.93546378114383588e-01,-8.71181939750887424e-02,1.61394932020500947e+00,1
145,box,0.00000000000000000e+00,0.00000000000000000e+00,0.00000000000000000e+00,0.00000000000000000e+00,0.00000000000000000e+00,0.00000000000000000e+00,1
146,shape,0.00000000000000000e+00,-1.61884032544687417e-03,-9.46604369888290331e-04,0.00000000000000000e+00,0.00000000000000000e+00,1.09042973299441903e-03,1
146,ricci,-5.37335430819149695e-02,-2.75246983916659083e-03,-7.30708883597486203e-03,-3.93546378114383588e-01,-8.71181939750887424e-02,1.61394932020500947e+00,1
147,shape,0.00000000000000000e+00,-1.61884032544687417e-03,-9.46604369888290331e-04,0.00000000000000000e+00,0.00000000000000000e+00,1.09042973299441903e-03,1
147,ricci,-5.37335430819149695e-02,-2.75246983916659083e-03,-7.30708883597486203e-03,-3.93546378114383588e-01,-8.71181939750887424e-02,1.61394932020500947e+00,1
148,shape,0.00000000000000000e+00,-1.61884032544687417e-03,-9.46604369888290331e-04,0.00000000000000000e+00,0.00000000000000000e+00,1.09042973299441903e-03,1
148,ricci,-5.37335430819149695e-02,-2.75246983916659083e-03,-7.30708883597486203e-03,-3.93546378114383588e-01,-8.71181939750887424e-02,1.61394932020500947e+00,1
149,shape,0.00000000000000000e+00,-1.61884032544687417e-03,-9.46604369888290331e-04,0.00000000000000000e+00,0.00000000000000000e+00,1.09042973299441903e-03,1
149,ricci,-5.37335430819149695e-02,-2.75246983916659083e-03,-7.30708883597486203e-03,-3.93546378114383588e-01,-8.71181939750887424e-02,1.61394932020500947e+00,1
150,shape,0.00000000000000000e+00,-1.61884032544687417e-03,-9.46604369888290331e-04,0.00000000000000000e+00,0.00000000000000000e+00,1.09042973299441903e-03,1
150,ricci,-5.37335430819149695e-02,-2.75246983916659083e-03,-7.30708883597486203e-03,-3.93546378114383588e-01,-8.71181939750887424e-02,1.61394932020500947e+00,1
150,box,0.00000000000000000e+00,0.00000000000000000e+00,0.00000000000000000e+00,0.00000000000000000e+00,0.00000000000000000e+00,0.00000000000000000e+00,1
150,surgery_microquench,2.39869018410339072e-03,-5.81319007840044866e-04,-8.88525217521834998e-04,6.57775372571450939e-02,1.31386139357737436e-02,-1.98010877056061130e-01,1
151,shape,0.00000000000000000e+00,-1.61884032544687417e-03,-9.46604369888290331e-04,0.00000000000000000e+00,0.00000000000000000e+00,1.09042973299441903e-03,1
151,ricci,-5.37335430819149695e-02,-2.75246983916659083e-03,-7.30708883597486203e-03,-3.93546378114383588e-01,-8.71181939750887424e-02,1.61394932020500947e+00,1
152,shape,0.00000000000000000e+00,-1.61884032544687417e-03,-9.46604369888290331e-04,0.00000000000000000e+00,0.00000000000000000e+00,1.09042973299441903e-03,1
152,ricci,-5.37335430819149695e-02,-2.75246983916659083e-03,-7.30708883597486203e-03,-3.93546378114383588e-01,-8.71181939750887424e-02,1.61394932020500947e+00,1
153,shape,0.00000000000000000e+00,-1.61884032544687417e-03,-9.46604369888290331e-04,0.00000000000000000e+00,0.00000000000000000e+00,1.09042973299441903e-03,1
153,ricci,-5.37335430819149695e-02,-2.75246983916659083e-03,-7.30708883597486203e-03,-3.93546378114383588e-01,-8.71181939750887424e-02,1.61394932020500947e+00,1
154,shape,0.00000000000000000e+00,-1.61884032544687417e-03,-9.46604369888290331e-04,0.00000000000000000e+00,0.00000000000000000e+00,1.09042973299441903e-03,1
154,ricci,-5.37335430819149695e-02,-2.75246983916659083e-03,-7.30708883597486203e-03,-3.93546378114383588e-01,-8.71181939750887424e-02,1.61394932020500947e+00,1
155,shape,0.00000000000000000e+00,-1.61884032544687417e-03,-9.46604369888290331e-04,0.00000000000000000e+00,0.00000000000000000e+00,1.09042973299441903e-03,1
155,ricci,-5.37335430819149695e-02,-2.75246983916659083e-03,-7.30708883597486203e-03,-3.93546378114383588e-01,-8.71181939750887424e-02,1.61394932020500947e+00,1
155,box,0.00000000000000000e+00,0.00000000000000000e+00,0.00000000000000000e+00,0.00000000000000000e+00,0.00000000000000000e+00,0.00000000000000000e+00,1
156,shape,0.00000000000000000e+00,-1.61884032544687417e-03,-9.46604369888290331e-04,0.00000000000000000e+00,0.00000000000000000e+00,1.09042973299441903e-03,1
156,ricci,-5.37335430819149695e-02,-2.75246983916659083e-03,-7.30708883597486203e-03,-3.93546378114383588e-01,-8.71181939750887424e-02,1.61394932020500947e+00,1
157,shape,0.00000000000000000e+00,-1.61884032544687417e-03,-9.46604369888290331e-04,0.00000000000000000e+00,0.00000000000000000e+00,1.09042973299441903e-03,1
157,ricci,-5.37335430819149695e-02,-2.75246983916659083e-03,-7.30708883597486203e-03,-3.93546378114383588e-01,-8.71181939750887424e-02,1.61394932020500947e+00,1
158,shape,0.00000000000000000e+00,-1.61884032544687417e-03,-9.46604369888290331e-04,0.00000000000000000e+00,0.00000000000000000e+00,1.09042973299441903e-03,1
158,ricci,-5.37335430819149695e-02,-2.75246983916659083e-03,-7.30708883597486203e-03,-3.93546378114383588e-01,-8.71181939750887424e-02,1.61394932020500947e+00,1
159,shape,0.00000000000000000e+00,-1.61884032544687417e-03,-9.46604369888290331e-04,0.00000000000000000e+00,0.00000000000000000e+00,1.09042973299441903e-03,1
159,ricci,-5.37335430819149695e-02,-2.75246983916659083e-03,-7.30708883597486203e-03,-3.93546378114383588e-01,-8.71181939750887424e-02,1.61394932020500947e+00,1
160,shape,0.00000000000000000e+00,-1.61884032544687417e-03,-9.46604369888290331e-04,0.00000000000000000e+00,0.00000000000000000e+00,1.09042973299441903e-03,1
160,ricci,-5.37335430819149695e-02,-2.75246983916659083e-03,-7.30708883597486203e-03,-3.93546378114383588e-01,-8.71181939750887424e-02,1.61394932020500947e+00,1
160,box,0.00000000000000000e+00,0.00000000000000000e+00,0.00000000000000000e+00,0.00000000000000000e+00,0.00000000000000000e+00,0.00000000000000000e+00,1
160,surgery_microquench,2.39869018410339072e-03,-5.81319007840044866e-04,-8.88525217521834998e-04,6.57775372571450939e-02,1.31386139357737436e-02,-1.98010877056061130e-01,1
161,shape,0.00000000000000000e+00,-1.61884032544687417e-03,-9.46604369888290331e-04,0.00000000000000000e+00,0.00000000000000000e+00,1.09042973299441903e-03,1
161,ricci,-5.37335430819149695e-02,-2.75246983916659083e-03,-7.30708883597486203e-03,-3.93546378114383588e-01,-8.71181939750887424e-02,1.61394932020500947e+00,1
162,shape,0.00000000000000000e+00,-1.61884032544687417e-03,-9.46604369888290331e-04,0.00000000000000000e+00,0.00000000000000000e+00,1.09042973299441903e-03,1
162,ricci,-5.37335430819149695e-02,-2.75246983916659083e-03,-7.30708883597486203e-03,-3.93546378114383588e-01,-8.71181939750887424e-02,1.61394932020500947e+00,1
163,shape,0.00000000000000000e+00,-1.61884032544687417e-03,-9.46604369888290331e-04,0.00000000000000000e+00,0.00000000000000000e+00,1.09042973299441903e-03,1
163,ricci,-5.37335430819149695e-02,-2.75246983916659083e-03,-7.30708883597486203e-03,-3.93546378114383588e-01,-8.71181939750887424e-02,1.61394932020500947e+00,1
164,shape,0.00000000000000000e+00,-1.61884032544687417e-03,-9.46604369888290331e-04,0.00000000000000000e+00,0.00000000000000000e+00,1.09042973299441903e-03,1
164,ricci,-5.37335430819149695e-02,-2.75246983916659083e-03,-7.30708883597486203e-03,-3.93546378114383588e-01,-8.71181939750887424e-02,1.61394932020500947e+00,1
165,shape,0.00000000000000000e+00,-1.61884032544687417e-03,-9.46604369888290331e-04,0.00000000000000000e+00,0.00000000000000000e+00,1.09042973299441903e-03,1
165,ricci,-5.37335430819149695e-02,-2.75246983916659083e-03,-7.30708883597486203e-03,-3.93546378114383588e-01,-8.71181939750887424e-02,1.61394932020500947e+00,1
165,box,0.00000000000000000e+00,0.00000000000000000e+00,0.00000000000000000e+00,0.00000000000000000e+00,0.00000000000000000e+00,0.00000000000000000e+00,1
166,shape,0.00000000000000000e+00,-1.61884032544687417e-03,-9.46604369888290331e-04,0.00000000000000000e+00,0.00000000000000000e+00,1.09042973299441903e-03,1
166,ricci,-5.37335430819149695e-02,-2.75246983916659083e-03,-7.30708883597486203e-03,-3.93546378114383588e-01,-8.71181939750887424e-02,1.61394932020500947e+00,1
167,shape,0.00000000000000000e+00,-1.61884032544687417e-03,-9.46604369888290331e-04,0.00000000000000000e+00,0.00000000000000000e+00,1.09042973299441903e-03,1
167,ricci,-5.37335430819149695e-02,-2.75246983916659083e-03,-7.30708883597486203e-03,-3.93546378114383588e-01,-8.71181939750887424e-02,1.61394932020500947e+00,1
168,shape,0.00000000000000000e+00,-1.61884032544687417e-03,-9.46604369888290331e-04,0.00000000000000000e+00,0.00000000000000000e+00,1.09042973299441903e-03,1
168,ricci,-5.37335430819149695e-02,-2.75246983916659083e-03,-7.30708883597486203e-03,-3.93546378114383588e-01,-8.71181939750887424e-02,1.61394932020500947e+00,1
169,shape,0.00000000000000000e+00,-1.61884032544687417e-03,-9.46604369888290331e-04,0.00000000000000000e+00,0.00000000000000000e+00,1.09042973299441903e-03,1
169,ricci,-5.37335430819149695e-02,-2.75246983916659083e-03,-7.30708883597486203e-03,-3.93546378114383588e-01,-8.71181939750887424e-02,1.61394932020500947e+00,1
170,shape,0.00000000000000000e+00,-1.61884032544687417e-03,-9.46604369888290331e-04,0.00000000000000000e+00,0.00000000000000000e+00,1.09042973299441903e-03,1
170,ricci,-5.37335430819149695e-02,-2.75246983916659083e-03,-7.30708883597486203e-03,-3.93546378114383588e-01,-8.71181939750887424e-02,1.61394932020500947e+00,1
170,box,0.00000000000000000e+00,0.00000000000000000e+00,0.00000000000000000e+00,0.00000000000000000e+00,0.00000000000000000e+00,0.00000000000000000e+00,1
170,surgery_microquench,2.39869018410339072e-03,-5.81319007840044866e-04,-8.88525217521834998e-04,6.57775372571450939e-02,1.31386139357737436e-02,-1.98010877056061130e-01,1
171,shape,0.00000000000000000e+00,-1.61884032544687417e-03,-9.46604369888290331e-04,0.00000000000000000e+00,0.00000000000000000e+00,1.09042973299441903e-03,1
171,ricci,-5.37335430819149695e-02,-2.75246983916659083e-03,-7.30708883597486203e-03,-3.93546378114383588e-01,-8.71181939750887424e-02,1.61394932020500947e+00,1
172,shape,0.00000000000000000e+00,-1.61884032544687417e-03,-9.46604369888290331e-04,0.00000000000000000e+00,0.00000000000000000e+00,1.09042973299441903e-03,1
172,ricci,-5.37335430819149695e-02,-2.75246983916659083e-03,-7.30708883597486203e-03,-3.93546378114383588e-01,-8.71181939750887424e-02,1.61394932020500947e+00,1
173,shape,0.00000000000000000e+00,-1.61884032544687417e-03,-9.46604369888290331e-04,0.00000000000000000e+00,0.00000000000000000e+00,1.09042973299441903e-03,1
173,ricci,-5.37335430819149695e-02,-2.75246983916659083e-03,-7.30708883597486203e-03,-3.93546378114383588e-01,-8.71181939750887424e-02,1.61394932020500947e+00,1
174,shape,0.00000000000000000e+00,-1.61884032544687417e-03,-9.46604369888290331e-04,0.00000000000000000e+00,0.00000000000000000e+00,1.09042973299441903e-03,1
174,ricci,-5.37335430819149695e-02,-2.75246983916659083e-03,-7.30708883597486203e-03,-3.93546378114383588e-01,-8.71181939750887424e-02,1.61394932020500947e+00,1
175,shape,0.00000000000000000e+00,-1.61884032544687417e-03,-9.46604369888290331e-04,0.00000000000000000e+00,0.00000000000000000e+00,1.09042973299441903e-03,1
175,ricci,-5.37335430819149695e-02,-2.75246983916659083e-03,-7.30708883597486203e-03,-3.93546378114383588e-01,-8.71181939750887424e-02,1.61394932020500947e+00,1
175,box,0.00000000000000000e+00,0.00000000000000000e+00,0.00000000000000000e+00,0.00000000000000000e+00,0.00000000000000000e+00,0.00000000000000000e+00,1
176,shape,0.00000000000000000e+00,-1.61884032544687417e-03,-9.46604369888290331e-04,0.00000000000000000e+00,0.00000000000000000e+00,1.09042973299441903e-03,1
176,ricci,-5.37335430819149695e-02,-2.75246983916659083e-03,-7.30708883597486203e-03,-3.93546378114383588e-01,-8.71181939750887424e-02,1.61394932020500947e+00,1
177,shape,0.00000000000000000e+00,-1.61884032544687417e-03,-9.46604369888290331e-04,0.00000000000000000e+00,0.00000000000000000e+00,1.09042973299441903e-03,1
177,ricci,-5.37335430819149695e-02,-2.75246983916659083e-03,-7.30708883597486203e-03,-3.93546378114383588e-01,-8.71181939750887424e-02,1.61394932020500947e+00,1
178,shape,0.00000000000000000e+00,-1.61884032544687417e-03,-9.46604369888290331e-04,0.00000000000000000e+00,0.00000000000000000e+00,1.09042973299441903e-03,1
178,ricci,-5.37335430819149695e-02,-2.75246983916659083e-03,-7.30708883597486203e-03,-3.93546378114383588e-01,-8.71181939750887424e-02,1.61394932020500947e+00,1
179,shape,0.00000000000000000e+00,-1.61884032544687417e-03,-9.46604369888290331e-04,0.00000000000000000e+00,0.00000000000000000e+00,1.09042973299441903e-03,1
179,ricci,-5.37335430819149695e-02,-2.75246983916659083e-03,-7.30708883597486203e-03,-3.93546378114383588e-01,-8.71181939750887424e-02,1.61394932020500947e+00,1
180,shape,0.00000000000000000e+00,-1.61884032544687417e-03,-9.46604369888290331e-04,0.00000000000000000e+00,0.00000000000000000e+00,1.09042973299441903e-03,1
180,ricci,-5.37335430819149695e-02,-2.75246983916659083e-03,-7.30708883597486203e-03,-3.93546378114383588e-01,-8.71181939750887424e-02,1.61394932020500947e+00,1
180,box,0.00000000000000000e+00,0.00000000000000000e+00,0.00000000000000000e+00,0.00000000000000000e+00,0.00000000000000000e+00,0.00000000000000000e+00,1
180,surgery_microquench,2.39869018410339072e-03,-5.81319007840044866e-04,-8.88525217521834998e-04,6.57775372571450939e-02,1.31386139357737436e-02,-1.98010877056061130e-01,1
181,shape,0.00000000000000000e+00,-1.61884032544687417e-03,-9.46604369888290331e-04,0.00000000000000000e+00,0.00000000000000000e+00,1.09042973299441903e-03,1
181,ricci,-5.37335430819149695e-02,-2.75246983916659083e-03,-7.30708883597486203e-03,-3.93546378114383588e-01,-8.71181939750887424e-02,1.61394932020500947e+00,1
182,shape,0.00000000000000000e+00,-1.61884032544687417e-03,-9.46604369888290331e-04,0.00000000000000000e+00,0.00000000000000000e+00,1.09042973299441903e-03,1
182,ricci,-5.37335430819149695e-02,-2.75246983916659083e-03,-7.30708883597486203e-03,-3.93546378114383588e-01,-8.71181939750887424e-02,1.61394932020500947e+00,1
183,shape,0.00000000000000000e+00,-1.61884032544687417e-03,-9.46604369888290331e-04,0.00000000000000000e+00,0.00000000000000000e+00,1.09042973299441903e-03,1
183,ricci,-5.37335430819149695e-02,-2.75246983916659083e-03,-7.30708883597486203e-03,-3.93546378114383588e-01,-8.71181939750887424e-02,1.61394932020500947e+00,1
184,shape,0.00000000000000000e+00,-1.61884032544687417e-03,-9.46604369888290331e-04,0.00000000000000000e+00,0.00000000000000000e+00,1.09042973299441903e-03,1
184,ricci,-5.37335430819149695e-02,-2.75246983916659083e-03,-7.30708883597486203e-03,-3.93546378114383588e-01,-8.71181939750887424e-02,1.61394932020500947e+00,1
185,shape,0.00000000000000000e+00,-1.61884032544687417e-03,-9.46604369888290331e-04,0.00000000000000000e+00,0.00000000000000000e+00,1.09042973299441903e-03,1
185,ricci,-5.37335430819149695e-02,-2.75246983916659083e-03,-7.30708883597486203e-03,-3.93546378114383588e-01,-8.71181939750887424e-02,1.61394932020500947e+00,1
185,box,0.00000000000000000e+00,0.00000000000000000e+00,0.00000000000000000e+00,0.00000000000000000e+00,0.00000000000000000e+00,0.00000000000000000e+00,1
186,shape,0.00000000000000000e+00,-1.61884032544687417e-03,-9.46604369888290331e-04,0.00000000000000000e+00,0.00000000000000000e+00,1.09042973299441903e-03,1
186,ricci,-5.37335430819149695e-02,-2.75246983916659083e-03,-7.30708883597486203e-03,-3.93546378114383588e-01,-8.71181939750887424e-02,1.61394932020500947e+00,1
187,shape,0.00000000000000000e+00,-1.61884032544687417e-03,-9.46604369888290331e-04,0.00000000000000000e+00,0.00000000000000000e+00,1.09042973299441903e-03,1
187,ricci,-5.37335430819149695e-02,-2.75246983916659083e-03,-7.30708883597486203e-03,-3.93546378114383588e-01,-8.71181939750887424e-02,1.61394932020500947e+00,1
188,shape,0.00000000000000000e+00,-1.61884032544687417e-03,-9.46604369888290331e-04,0.00000000000000000e+00,0.00000000000000000e+00,1.09042973299441903e-03,1
188,ricci,-5.37335430819149695e-02,-2.75246983916659083e-03,-7.30708883597486203e-03,-3.93546378114383588e-01,-8.71181939750887424e-02,1.61394932020500947e+00,1
189,shape,0.00000000000000000e+00,-1.61884032544687417e-03,-9.46604369888290331e-04,0.00000000000000000e+00,0.00000000000000000e+00,1.09042973299441903e-03,1
189,ricci,-5.37335430819149695e-02,-2.75246983916659083e-03,-7.30708883597486203e-03,-3.93546378114383588e-01,-8.71181939750887424e-02,1.61394932020500947e+00,1
190,shape,0.00000000000000000e+00,-1.61884032544687417e-03,-9.46604369888290331e-04,0.00000000000000000e+00,0.00000000000000000e+00,1.09042973299441903e-03,1
190,ricci,-5.37335430819149695e-02,-2.75246983916659083e-03,-7.30708883597486203e-03,-3.93546378114383588e-01,-8.71181939750887424e-02,1.61394932020500947e+00,1
190,box,0.00000000000000000e+00,0.00000000000000000e+00,0.00000000000000000e+00,0.00000000000000000e+00,0.00000000000000000e+00,0.00000000000000000e+00,1
190,surgery_microquench,2.39869018410339072e-03,-5.81319007840044866e-04,-8.88525217521834998e-04,6.57775372571450939e-02,1.31386139357737436e-02,-1.98010877056061130e-01,1
191,shape,0.00000000000000000e+00,-1.61884032544687417e-03,-9.46604369888290331e-04,0.00000000000000000e+00,0.00000000000000000e+00,1.09042973299441903e-03,1
191,ricci,-5.37335430819149695e-02,-2.75246983916659083e-03,-7.30708883597486203e-03,-3.93546378114383588e-01,-8.71181939750887424e-02,1.61394932020500947e+00,1
192,shape,0.00000000000000000e+00,-1.61884032544687417e-03,-9.46604369888290331e-04,0.00000000000000000e+00,0.00000000000000000e+00,1.09042973299441903e-03,1
192,ricci,-5.37335430819149695e-02,-2.75246983916659083e-03,-7.30708883597486203e-03,-3.93546378114383588e-01,-8.71181939750887424e-02,1.61394932020500947e+00,1
193,shape,0.00000000000000000e+00,-1.61884032544687417e-03,-9.46604369888290331e-04,0.00000000000000000e+00,0.00000000000000000e+00,1.09042973299441903e-03,1
193,ricci,-5.37335430819149695e-02,-2.75246983916659083e-03,-7.30708883597486203e-03,-3.93546378114383588e-01,-8.71181939750887424e-02,1.61394932020500947e+00,1
194,shape,0.00000000000000000e+00,-1.61884032544687417e-03,-9.46604369888290331e-04,0.00000000000000000e+00,0.00000000000000000e+00,1.09042973299441903e-03,1
194,ricci,-5.37335430819149695e-02,-2.75246983916659083e-03,-7.30708883597486203e-03,-3.93546378114383588e-01,-8.71181939750887424e-02,1.61394932020500947e+00,1
195,shape,0.00000000000000000e+00,-1.61884032544687417e-03,-9.46604369888290331e-04,0.00000000000000000e+00,0.00000000000000000e+00,1.09042973299441903e-03,1
195,ricci,-5.37335430819149695e-02,-2.75246983916659083e-03,-7.30708883597486203e-03,-3.93546378114383588e-01,-8.71181939750887424e-02,1.61394932020500947e+00,1
195,box,0.00000000000000000e+00,0.00000000000000000e+00,0.00000000000000000e+00,0.00000000000000000e+00,0.00000000000000000e+00,0.00000000000000000e+00,1
196,shape,0.00000000000000000e+00,-1.61884032544687417e-03,-9.46604369888290331e-04,0.00000000000000000e+00,0.00000000000000000e+00,1.09042973299441903e-03,1
196,ricci,-5.37335430819149695e-02,-2.75246983916659083e-03,-7.30708883597486203e-03,-3.93546378114383588e-01,-8.71181939750887424e-02,1.61394932020500947e+00,1
197,shape,0.00000000000000000e+00,-1.61884032544687417e-03,-9.46604369888290331e-04,0.00000000000000000e+00,0.00000000000000000e+00,1.09042973299441903e-03,1
197,ricci,-5.37335430819149695e-02,-2.75246983916659083e-03,-7.30708883597486203e-03,-3.93546378114383588e-01,-8.71181939750887424e-02,1.61394932020500947e+00,1
198,shape,0.00000000000000000e+00,-1.61884032544687417e-03,-9.46604369888290331e-04,0.00000000000000000e+00,0.00000000000000000e+00,1.09042973299441903e-03,1
198,ricci,-5.37335430819149695e-02,-2.75246983916659083e-03,-7.30708883597486203e-03,-3.93546378114383588e-01,-8.71181939750887424e-02,1.61394932020500947e+00,1
199,shape,0.00000000000000000e+00,-1.61884032544687417e-03,-9.46604369888290331e-04,0.00000000000000000e+00,0.00000000000000000e+00,1.09042973299441903e-03,1
199,ricci,-5.37335430819149695e-02,-2.75246983916659083e-03,-7.30708883597486203e-03,-3.93546378114383588e-01,-8.71181939750887424e-02,1.61394932020500947e+00,1
200,shape,0.00000000000000000e+00,-1.61884032544687417e-03,-9.46604369888290331e-04,0.00000000000000000e+00,0.00000000000000000e+00,1.09042973299441903e-03,1
200,ricci,-5.37335430819149695e-02,-2.75246983916659083e-03,-7.30708883597486203e-03,-3.93546378114383588e-01,-8.71181939750887424e-02,1.61394932020500947e+00,1
200,box,0.00000000000000000e+00,0.00000000000000000e+00,0.00000000000000000e+00,0.00000000000000000e+00,0.00000000000000000e+00,0.00000000000000000e+00,1
200,surgery_microquench,2.39869018410339072e-03,-5.81319007840044866e-04,-8.88525217521834998e-04,6.57775372571450939e-02,1.31386139357737436e-02,-1.98010877056061130e-01,1
